,ds,Valor
0,2020-05-02,618.296461
1,2020-05-03,618.296461
2,2020-05-04,610.405257
3,2020-05-05,610.150464
4,2020-05-06,595.955917
5,2020-05-07,595.864222
6,2020-05-08,596.5371
7,2020-05-09,605.467368
8,2020-05-10,605.467368
9,2020-05-11,598.596107
10,2020-05-12,592.989605
11,2020-05-13,591.157584
12,2020-05-14,596.033252
13,2020-05-15,595.892062
14,2020-05-16,596.735437
15,2020-05-17,596.735437
16,2020-05-18,603.573045
17,2020-05-19,625.030318
18,2020-05-20,627.104516
19,2020-05-21,632.86421
20,2020-05-22,630.669825
21,2020-05-23,631.602194
22,2020-05-24,631.602194
23,2020-05-25,631.161631
24,2020-05-26,632.703023
25,2020-05-27,643.224487
26,2020-05-28,649.378652
27,2020-05-29,643.945257
28,2020-05-30,644.578493
29,2020-05-31,644.578493
30,2020-06-01,645.665678
31,2020-06-02,643.333002
32,2020-06-03,648.176577
33,2020-06-04,648.258784
34,2020-06-05,645.543143
35,2020-06-06,645.574559
36,2020-06-07,662.263089
37,2020-06-08,666.717555
38,2020-06-09,676.096996
39,2020-06-10,679.082016
40,2020-06-11,677.664095
41,2020-06-12,675.506682
42,2020-06-13,675.401645
43,2020-06-14,674.915444
44,2020-06-15,679.867544
45,2020-06-16,674.230016
46,2020-06-17,674.573696
47,2020-06-18,674.480929
48,2020-06-19,672.686157
49,2020-06-20,672.556795
50,2020-06-21,672.769798
51,2020-06-22,683.527096
52,2020-06-23,682.789116
53,2020-06-24,658.767682
54,2020-06-25,656.42781
55,2020-06-26,649.254505
56,2020-06-27,649.254505
57,2020-06-28,649.593511
58,2020-06-29,651.286082
59,2020-06-30,650.440181
60,2020-07-01,657.643595
61,2020-07-02,656.971242
62,2020-07-03,657.237656
63,2020-07-04,657.101447
64,2020-07-05,657.120715
65,2020-07-06,651.955877
66,2020-07-07,648.870228
67,2020-07-08,648.23044
68,2020-07-09,652.361684
69,2020-07-10,647.761668
70,2020-07-11,647.727295
71,2020-07-12,648.645815
72,2020-07-13,650.323553
73,2020-07-14,660.353121
74,2020-07-15,659.777905
75,2020-07-16,645.5295
76,2020-07-17,652.067805
77,2020-07-18,652.067805
78,2020-07-19,652.426104
79,2020-07-20,647.31098
80,2020-07-21,645.173645
81,2020-07-22,645.94731
82,2020-07-23,647.377274
83,2020-07-24,654.79024
84,2020-07-25,654.815504
85,2020-07-26,654.609591
86,2020-07-27,660.833631
87,2020-07-28,651.095874
88,2020-07-29,657.805758
89,2020-07-30,655.110081
90,2020-07-31,651.273731
91,2020-08-01,651.273731
92,2020-08-02,680.518929
93,2020-08-03,685.36671
94,2020-08-04,687.538309
95,2020-08-05,688.17745
96,2020-08-06,694.625144
97,2020-08-07,686.700521
98,2020-08-08,686.700521
99,2020-08-09,685.964077
100,2020-08-10,685.710378
101,2020-08-11,699.093298
102,2020-08-12,694.330885
103,2020-08-13,696.073412
104,2020-08-14,697.520274
105,2020-08-15,697.517383
106,2020-08-16,697.486058
107,2020-08-17,684.426524
108,2020-08-18,689.103367
109,2020-08-19,684.015885
110,2020-08-20,684.138116
111,2020-08-21,694.733705
112,2020-08-22,694.704164
113,2020-08-23,695.105046
114,2020-08-24,694.665903
115,2020-08-25,700.371616
116,2020-08-26,703.055582
117,2020-08-27,701.249407
118,2020-08-28,710.37431
119,2020-08-29,710.37431
120,2020-08-30,710.592104
121,2020-08-31,717.079541
122,2020-09-01,721.347358
123,2020-09-02,722.568871
124,2020-09-03,722.10721
125,2020-09-04,721.58993
126,2020-09-05,721.58993
127,2020-09-06,736.414882
128,2020-09-07,734.899162
129,2020-09-08,727.905565
130,2020-09-09,738.269099
131,2020-09-10,741.877158
132,2020-09-11,743.027073
133,2020-09-12,743.146266
134,2020-09-13,720.728222
135,2020-09-14,742.250694
136,2020-09-15,738.138305
137,2020-09-16,740.227542
138,2020-09-17,742.521479
139,2020-09-18,732.190723
140,2020-09-19,732.230906
141,2020-09-20,732.740203
142,2020-09-21,728.163377
143,2020-09-22,729.289626
144,2020-09-23,726.522551
145,2020-09-24,727.293953
146,2020-09-25,724.608182
147,2020-09-26,724.642443
148,2020-09-27,729.134949
149,2020-09-28,722.565084
150,2020-09-29,733.316523
151,2020-09-30,732.433853
152,2020-10-01,740.520581
153,2020-10-02,738.764599
154,2020-10-03,738.774056
155,2020-10-04,738.651108
156,2020-10-05,745.829196
157,2020-10-06,743.616522
158,2020-10-07,749.363629
159,2020-10-08,756.551059
160,2020-10-09,762.192608
161,2020-10-10,762.292431
162,2020-10-11,761.399011
163,2020-10-12,760.979689
164,2020-10-13,756.45056
165,2020-10-14,755.461295
166,2020-10-15,756.564577
167,2020-10-16,757.257176
168,2020-10-17,757.162564
169,2020-10-18,757.359577
170,2020-10-19,766.577478
171,2020-10-20,770.463874
172,2020-10-21,775.752416
173,2020-10-22,776.79606
174,2020-10-23,779.245424
175,2020-10-24,779.389997
176,2020-10-25,778.049649
177,2020-10-26,777.316548
178,2020-10-27,777.363079
179,2020-10-28,780.424327
180,2020-10-29,773.636953
181,2020-10-30,777.006421
182,2020-10-31,777.144611
183,2020-11-01,774.936685
184,2020-11-02,774.884602
185,2020-11-03,782.122425
186,2020-11-04,774.803029
187,2020-11-05,786.383615
188,2020-11-06,789.758256
189,2020-11-07,789.774902
190,2020-11-08,790.737147
191,2020-11-09,786.015422
192,2020-11-10,786.909694
193,2020-11-11,784.138641
194,2020-11-12,786.806512
195,2020-11-13,788.732981
196,2020-11-14,788.732981
197,2020-11-15,788.862916
198,2020-11-16,790.088993
199,2020-11-17,790.160748
200,2020-11-18,787.745733
201,2020-11-19,788.056575
202,2020-11-20,787.068142
203,2020-11-21,787.077894
204,2020-11-22,776.030134
205,2020-11-23,774.754701
206,2020-11-24,774.637732
207,2020-11-25,781.459935
208,2020-11-26,769.800689
209,2020-11-27,780.75919
210,2020-11-28,780.808182
211,2020-11-29,781.055855
212,2020-11-30,781.24367
213,2020-12-01,790.528154
214,2020-12-02,793.178822
215,2020-12-03,795.826193
216,2020-12-04,792.320097
217,2020-12-05,792.320097
218,2020-12-06,792.622027
219,2020-12-07,791.498274
220,2020-12-08,791.218582
221,2020-12-09,791.554283
222,2020-12-10,800.710811
223,2020-12-11,798.746169
224,2020-12-12,798.752747
225,2020-12-13,800.350919
226,2020-12-14,798.356767
227,2020-12-15,794.998371
228,2020-12-16,798.025918
229,2020-12-17,802.621195
230,2020-12-18,803.167255
231,2020-12-19,803.167255
232,2020-12-20,801.447086
233,2020-12-21,801.032338
234,2020-12-22,797.110675
235,2020-12-23,798.815581
236,2020-12-24,798.416143
237,2020-12-25,798.930749
238,2020-12-26,798.930749
239,2020-12-27,798.762129
240,2020-12-28,800.040306
241,2020-12-29,802.984744
242,2020-12-30,805.433546
243,2020-12-31,798.958286
244,2021-01-01,796.493364
245,2021-01-02,793.823043
246,2021-01-03,800.305051
247,2021-01-04,696.071643
248,2021-01-05,806.074541
249,2021-01-06,808.913035
250,2021-01-07,797.21119
251,2021-01-08,798.866398
252,2021-01-09,799.209238
253,2021-01-10,798.729154
254,2021-01-11,799.043185
255,2021-01-12,802.523527
256,2021-01-13,799.308868
257,2021-01-14,798.999598
258,2021-01-15,793.953414
259,2021-01-16,794.229574
260,2021-01-17,793.47848
261,2021-01-18,794.089805
262,2021-01-19,796.084357
263,2021-01-20,794.695124
264,2021-01-21,798.489858
265,2021-01-22,799.548083
266,2021-01-23,799.548083
267,2021-01-24,799.112546
268,2021-01-25,797.51095
269,2021-01-26,796.704889
270,2021-01-27,793.957591
271,2021-01-28,794.800464
272,2021-01-29,795.830118
273,2021-01-30,795.817029
274,2021-01-31,795.280532
275,2021-02-01,791.527241
276,2021-02-02,790.345688
277,2021-02-03,780.811333
278,2021-02-04,781.756637
279,2021-02-05,787.260829
280,2021-02-06,787.260829
281,2021-02-07,786.917883
282,2021-02-08,787.39229
283,2021-02-09,791.851223
284,2021-02-10,791.830314
285,2021-02-11,792.15306
286,2021-02-12,791.342771
287,2021-02-13,791.365599
288,2021-02-14,791.605849
289,2021-02-15,791.919345
290,2021-02-16,790.205888
291,2021-02-17,786.389809
292,2021-02-18,788.885256
293,2021-02-19,790.644497
294,2021-02-20,790.667348
295,2021-02-21,791.064923
296,2021-02-22,792.592914
297,2021-02-23,787.269437
298,2021-02-24,790.565026
299,2021-02-25,791.677499
300,2021-02-26,784.471444
301,2021-02-27,784.472817
302,2021-02-28,767.954242
303,2021-03-01,759.073795
304,2021-03-02,760.820687
305,2021-03-03,753.348751
306,2021-03-04,750.149869
307,2021-03-05,743.843472
308,2021-03-06,743.843472
309,2021-03-07,744.071985
310,2021-03-08,732.560022
311,2021-03-09,735.916991
312,2021-03-10,739.332669
313,2021-03-11,742.84484
314,2021-03-12,741.013633
315,2021-03-13,741.003447
316,2021-03-14,740.696621
317,2021-03-15,739.239331
318,2021-03-16,738.295559
319,2021-03-17,736.071515
320,2021-03-18,735.29741
321,2021-03-19,737.099005
322,2021-03-20,737.099005
323,2021-03-21,733.279809
324,2021-03-22,747.255724
325,2021-03-23,738.089905
326,2021-03-24,736.466618
327,2021-03-25,737.225411
328,2021-03-26,738.518361
329,2021-03-27,738.518361
330,2021-03-28,738.307654
331,2021-03-29,736.85494
332,2021-03-30,733.704296
333,2021-03-31,738.709056
334,2021-04-01,742.1403
335,2021-04-02,740.887965
336,2021-04-03,740.812385
337,2021-04-04,739.528188
338,2021-04-05,741.671118
339,2021-04-06,747.888164
340,2021-04-07,745.842669
341,2021-04-08,748.414346
342,2021-04-09,747.545177
343,2021-04-10,747.557739
344,2021-04-11,747.417546
345,2021-04-12,748.29625
346,2021-04-13,758.073323
347,2021-04-14,771.326062
348,2021-04-15,775.114608
349,2021-04-16,779.944326
350,2021-04-17,779.9183
351,2021-04-18,779.237968
352,2021-04-19,784.30012
353,2021-04-20,791.545679
354,2021-04-21,792.650138
355,2021-04-22,788.701277
356,2021-04-23,794.162474
357,2021-04-24,794.073848
358,2021-04-25,793.742368
359,2021-04-26,793.114485
360,2021-04-27,793.459468
361,2021-04-28,795.435689
362,2021-04-29,793.954249
363,2021-04-30,787.254426
364,2021-05-01,787.283902
365,2021-05-02,786.963887
366,2021-05-03,789.056944
367,2021-05-04,786.159275
368,2021-05-05,785.536085
369,2021-05-06,788.922568
370,2021-05-07,795.613373
371,2021-05-08,795.613373
372,2021-05-09,795.899326
373,2021-05-10,794.25591
374,2021-05-11,794.748814
375,2021-05-12,790.013392
376,2021-05-13,790.251952
377,2021-05-14,794.65162
378,2021-05-15,794.748137
379,2021-05-16,794.756955
380,2021-05-17,794.87421
381,2021-05-18,799.467149
382,2021-05-19,796.100647
383,2021-05-20,792.860963
384,2021-05-21,789.872995
385,2021-05-22,789.872995
386,2021-05-23,792.958879
387,2021-05-24,785.827116
388,2021-05-25,788.048644
389,2021-05-26,784.136119
390,2021-05-27,783.016754
391,2021-05-28,783.029566
392,2021-05-29,783.031189
393,2021-05-30,783.098593
394,2021-05-31,785.17884
395,2021-06-01,784.299288
396,2021-06-02,783.978288
397,2021-06-03,778.79847
398,2021-06-04,781.138071
399,2021-06-05,781.092548
400,2021-06-06,780.894612
401,2021-06-07,782.758488
402,2021-06-08,781.475667
403,2021-06-09,781.817024
404,2021-06-10,781.497261
405,2021-06-11,777.394624
406,2021-06-12,777.394624
407,2021-06-13,777.441085
408,2021-06-14,778.200056
409,2021-06-15,778.513231
410,2021-06-16,770.2716
411,2021-06-17,764.782488
412,2021-06-18,761.636669
413,2021-06-19,761.691294
414,2021-06-20,762.19524
415,2021-06-21,764.866155
416,2021-06-22,775.743298
417,2021-06-23,773.278156
418,2021-06-24,773.200728
419,2021-06-25,773.549986
420,2021-06-26,773.45927
421,2021-06-27,773.65718
422,2021-06-28,771.778292
423,2021-06-29,769.049946
424,2021-06-30,766.012264
425,2021-07-01,764.200074
426,2021-07-02,765.282832
427,2021-07-03,765.282832
428,2021-07-04,764.894499
429,2021-07-05,765.243344
430,2021-07-06,761.291913
431,2021-07-07,759.288551
432,2021-07-08,762.324122
433,2021-07-09,763.886604
434,2021-07-10,763.838337
435,2021-07-11,763.743426
436,2021-07-12,762.873138
437,2021-07-13,757.327542
438,2021-07-14,761.056095
439,2021-07-15,759.626738
440,2021-07-16,759.138037
441,2021-07-17,759.057693
442,2021-07-18,758.821431
443,2021-07-19,756.57132
444,2021-07-20,754.588288
445,2021-07-21,754.608625
446,2021-07-22,753.329036
447,2021-07-23,753.177025
448,2021-07-24,752.696267
449,2021-07-25,753.142378
450,2021-07-26,753.911366
451,2021-07-27,754.988837
452,2021-07-28,756.17648
453,2021-07-29,759.229352
454,2021-07-30,757.659717
455,2021-07-31,757.668803
456,2021-08-01,757.23652
457,2021-08-02,758.125374
458,2021-08-03,757.845943
459,2021-08-04,755.255529
460,2021-08-05,755.024425
461,2021-08-06,750.883429
462,2021-08-07,750.665641
463,2021-08-08,750.040789
464,2021-08-09,748.418074
465,2021-08-10,747.398419
466,2021-08-11,748.623595
467,2021-08-12,748.398384
468,2021-08-13,751.965992
469,2021-08-14,752.299047
470,2021-08-15,751.860236
471,2021-08-16,751.078398
472,2021-08-17,746.100249
473,2021-08-18,745.842275
474,2021-08-19,742.637029
475,2021-08-20,744.114301
476,2021-08-21,744.346756
477,2021-08-22,743.774681
478,2021-08-23,747.018894
479,2021-08-24,747.341364
480,2021-08-25,748.32218
481,2021-08-26,746.295978
482,2021-08-27,748.430494
483,2021-08-28,748.82715
484,2021-08-29,749.025935
485,2021-08-30,748.326151
486,2021-08-31,748.898697
487,2021-09-01,750.256804
488,2021-09-02,751.649563
489,2021-09-03,751.663074
490,2021-09-04,751.549944
491,2021-09-05,751.613615
492,2021-09-06,750.953048
493,2021-09-07,748.746802
494,2021-09-08,743.03429
495,2021-09-09,741.683043
496,2021-09-10,738.452126
497,2021-09-11,738.238273
498,2021-09-12,738.155409
499,2021-09-13,736.425992
500,2021-09-14,734.144373
501,2021-09-15,731.729166
502,2021-09-16,725.862782
503,2021-09-17,722.922528
504,2021-09-18,723.269612
505,2021-09-19,723.756005
506,2021-09-20,721.304752
507,2021-09-21,717.270061
508,2021-09-22,709.102097
509,2021-09-23,708.159242
510,2021-09-24,704.109202
511,2021-09-25,703.900131
512,2021-09-26,704.058978
513,2021-09-27,702.501453
514,2021-09-28,701.946153
515,2021-09-29,695.751513
516,2021-09-30,693.749695
517,2021-10-01,694.240395
518,2021-10-02,693.810287
519,2021-10-03,694.816875
520,2021-10-04,695.129914
521,2021-10-05,694.535373
522,2021-10-06,691.599054
523,2021-10-07,691.735581
524,2021-10-08,692.184536
525,2021-10-09,691.917204
526,2021-10-10,692.159354
527,2021-10-11,690.626091
528,2021-10-12,689.40803
529,2021-10-13,692.890512
530,2021-10-14,692.705248
531,2021-10-15,693.14455
532,2021-10-16,692.90054
533,2021-10-17,692.671702
534,2021-10-18,693.315155
535,2021-10-19,694.598746
536,2021-10-20,695.061854
537,2021-10-21,693.409378
538,2021-10-22,694.729246
539,2021-10-23,694.757348
540,2021-10-24,695.157739
541,2021-10-25,692.87252
542,2021-10-26,691.706568
543,2021-10-27,692.045141
544,2021-10-28,696.970544
545,2021-10-29,690.051197
546,2021-10-30,690.067502
547,2021-10-31,689.620574
548,2021-11-01,692.421571
549,2021-11-02,690.847073
550,2021-11-03,693.060947
551,2021-11-04,689.053431
552,2021-11-05,689.502976
553,2021-11-06,688.968399
554,2021-11-07,689.872769
555,2021-11-08,691.116319
556,2021-11-09,691.745281
557,2021-11-10,684.975887
558,2021-11-11,682.728652
559,2021-11-12,682.815345
560,2021-11-13,684.719493
561,2021-11-14,685.382345
562,2021-11-15,678.380051
563,2021-11-16,675.584619
564,2021-11-17,675.522818
565,2021-11-18,678.503124
566,2021-11-19,673.627361
567,2021-11-20,673.646148
568,2021-11-21,670.244163
569,2021-11-22,656.87559
570,2021-11-23,657.741341
571,2021-11-24,655.047307
572,2021-11-25,661.693655
573,2021-11-26,661.853483
574,2021-11-27,661.739994
575,2021-11-28,660.663226
576,2021-11-29,648.585131
577,2021-11-30,640.34922
578,2021-12-01,639.541281
579,2021-12-02,637.961865
580,2021-12-03,638.767707
581,2021-12-04,638.68606
582,2021-12-05,638.821868
583,2021-12-06,636.170104
584,2021-12-07,635.556316
585,2021-12-08,639.452814
586,2021-12-09,641.96829
587,2021-12-10,643.101641
588,2021-12-11,642.534524
589,2021-12-12,642.296439
590,2021-12-13,630.782677
591,2021-12-14,628.506601
592,2021-12-15,629.958673
593,2021-12-16,631.634979
594,2021-12-17,638.172181
595,2021-12-18,638.309847
596,2021-12-19,638.214523
597,2021-12-20,638.412624
598,2021-12-21,637.504075
599,2021-12-22,638.988948
600,2021-12-23,639.05581
601,2021-12-24,638.612338
602,2021-12-25,638.621468
603,2021-12-26,639.068658
604,2021-12-27,638.450435
605,2021-12-28,636.783701
606,2021-12-29,638.741072
607,2021-12-30,623.054433
608,2021-12-31,625.96485
609,2022-01-01,625.789276
610,2022-01-02,630.041859
611,2022-01-03,625.613754
612,2022-01-04,624.199678
613,2022-01-05,624.857459
614,2022-01-06,622.944442
615,2022-01-07,626.467257
616,2022-01-08,626.222273
617,2022-01-09,629.272615
618,2022-01-10,623.172029
619,2022-01-11,607.562917
620,2022-01-12,605.859399
621,2022-01-13,606.919949
622,2022-01-14,604.515646
623,2022-01-15,604.41012
624,2022-01-16,610.867823
625,2022-01-17,611.49167
626,2022-01-18,606.803198
627,2022-01-19,598.968223
628,2022-01-20,602.673387
629,2022-01-21,600.890976
630,2022-01-22,600.597755
631,2022-01-23,600.498907
632,2022-01-24,599.98576
633,2022-01-25,597.102384
634,2022-01-26,593.739752
635,2022-01-27,589.237041
636,2022-01-28,589.597909
637,2022-01-29,589.499014
638,2022-01-30,589.143975
639,2022-01-31,594.023697
640,2022-02-01,592.887919
641,2022-02-02,593.308516
642,2022-02-03,597.192234
643,2022-02-04,597.54924
644,2022-02-05,597.669284
645,2022-02-06,595.040857
646,2022-02-07,597.376858
647,2022-02-08,595.52267
648,2022-02-09,595.694529
649,2022-02-10,604.23466
650,2022-02-11,598.964992
651,2022-02-12,598.679087
652,2022-02-13,598.455827
653,2022-02-14,596.372412
654,2022-02-15,597.516631
655,2022-02-16,585.698869
656,2022-02-17,584.983834
657,2022-02-18,574.230266
658,2022-02-19,574.209661
659,2022-02-20,574.367397
660,2022-02-21,568.692609
661,2022-02-22,565.497933
662,2022-02-23,564.280033
663,2022-02-24,556.347404
664,2022-02-25,559.772147
665,2022-02-26,559.669395
666,2022-02-27,553.512363
667,2022-02-28,557.107985
668,2022-03-01,551.850894
669,2022-03-02,551.893784
670,2022-03-03,546.41421
671,2022-03-04,540.012876
672,2022-03-05,539.642945
673,2022-03-06,519.864041
674,2022-03-07,515.439667
675,2022-03-08,517.492762
676,2022-03-09,524.69775
677,2022-03-10,519.436198
678,2022-03-11,516.071034
679,2022-03-12,515.930514
680,2022-03-13,513.117272
681,2022-03-14,513.79121
682,2022-03-15,504.659301
683,2022-03-16,503.398559
684,2022-03-17,504.951567
685,2022-03-18,504.486651
686,2022-03-19,504.101103
687,2022-03-20,503.338904
688,2022-03-21,502.096375
689,2022-03-22,500.295072
690,2022-03-23,498.9581
691,2022-03-24,501.288177
692,2022-03-25,500.054867
693,2022-03-26,500.261302
694,2022-03-27,499.883845
695,2022-03-28,495.003974
696,2022-03-29,498.823529
697,2022-03-30,499.537786
698,2022-03-31,495.813839
699,2022-04-01,490.713418
700,2022-04-02,490.73968
701,2022-04-03,490.794022
702,2022-04-04,487.339928
703,2022-04-05,484.029685
704,2022-04-06,482.153925
705,2022-04-07,477.04123
706,2022-04-08,476.750138
707,2022-04-09,476.770446
708,2022-04-10,477.448172
709,2022-04-11,476.952776
710,2022-04-12,455.592667
711,2022-04-13,457.954571
712,2022-04-14,455.967469
713,2022-04-15,455.510593
714,2022-04-16,455.523709
715,2022-04-17,461.67703
716,2022-04-18,451.552164
717,2022-04-19,447.958589
718,2022-04-20,446.676351
719,2022-04-21,446.236216
720,2022-04-22,444.169595
721,2022-04-23,444.06058
722,2022-04-24,436.655832
723,2022-04-25,432.848211
724,2022-04-26,429.815269
725,2022-04-27,430.590121
726,2022-04-28,427.804854
727,2022-04-29,427.410889
728,2022-04-30,427.507535
729,2022-05-01,427.567763
730,2022-05-02,425.250704
731,2022-05-03,427.392708
732,2022-05-04,429.94606
733,2022-05-05,427.813553
734,2022-05-06,427.671143
735,2022-05-07,427.800353
736,2022-05-08,427.04306
737,2022-05-09,425.114979
738,2022-05-10,427.548515
739,2022-05-11,425.58717
740,2022-05-12,421.503351
741,2022-05-13,423.05455
742,2022-05-14,423.069861
743,2022-05-15,425.583627
744,2022-05-16,426.84088
745,2022-05-17,434.041126
746,2022-05-18,430.015248
747,2022-05-19,438.245638
748,2022-05-20,438.783226
749,2022-05-21,438.494399
750,2022-05-22,439.263702
751,2022-05-23,444.645537
752,2022-05-24,448.90001
753,2022-05-25,448.45731
754,2022-05-26,450.008342
755,2022-05-27,449.871766
756,2022-05-28,449.603194
757,2022-05-29,449.551132
758,2022-05-30,451.903486
759,2022-05-31,454.084366
760,2022-06-01,451.579699
761,2022-06-02,458.002862
762,2022-06-03,456.641577
763,2022-06-04,456.517318
764,2022-06-05,456.78584
765,2022-06-06,457.270277
766,2022-06-07,461.895544
767,2022-06-08,460.290547
768,2022-06-09,459.567456
769,2022-06-10,455.594856
770,2022-06-11,455.587918
771,2022-06-12,457.686945
772,2022-06-13,452.134549
773,2022-06-14,452.565229
774,2022-06-15,454.501067
775,2022-06-16,457.355562
776,2022-06-17,455.178962
777,2022-06-18,455.092759
778,2022-06-19,454.753836
779,2022-06-20,455.340529
780,2022-06-21,455.250568
781,2022-06-22,455.144422
782,2022-06-23,451.605016
783,2022-06-24,452.845081
784,2022-06-25,452.805037
785,2022-06-26,453.23929
786,2022-06-27,452.011908
787,2022-06-28,450.22891
788,2022-06-29,446.489237
789,2022-06-30,448.26362
790,2022-07-01,446.71669
791,2022-07-02,446.560024
792,2022-07-03,447.153045
793,2022-07-04,444.718563
794,2022-07-05,438.841057
795,2022-07-06,435.978016
796,2022-07-07,436.409833
797,2022-07-08,438.722649
798,2022-07-09,438.613292
799,2022-07-10,438.418346
800,2022-07-11,430.984007
801,2022-07-12,431.203245
802,2022-07-13,432.690647
803,2022-07-14,433.062611
804,2022-07-15,435.312618
805,2022-07-16,435.250539
806,2022-07-17,435.152568
807,2022-07-18,435.170338
808,2022-07-19,440.039173
809,2022-07-20,437.808398
810,2022-07-21,440.348496
811,2022-07-22,441.067255
812,2022-07-23,441.001277
813,2022-07-24,440.765309
814,2022-07-25,440.346425
815,2022-07-26,437.698822
816,2022-07-27,440.913826
817,2022-07-28,440.749983
818,2022-07-29,442.186446
819,2022-07-30,441.990621
820,2022-07-31,442.20272
821,2022-08-01,443.493676
822,2022-08-02,439.067259
823,2022-08-03,438.461964
824,2022-08-04,441.711641
825,2022-08-05,439.08654
826,2022-08-06,439.030432
827,2022-08-07,437.480312
828,2022-08-08,437.916547
829,2022-08-09,438.166293
830,2022-08-10,442.302166
831,2022-08-11,442.101364
832,2022-08-12,440.440108
833,2022-08-13,440.375252
834,2022-08-14,440.094052
835,2022-08-15,435.414374
836,2022-08-16,435.93665
837,2022-08-17,436.651559
838,2022-08-18,433.291225
839,2022-08-19,430.306858
840,2022-08-20,430.14707
841,2022-08-21,430.408586
842,2022-08-22,426.66833
843,2022-08-23,426.924852
844,2022-08-24,426.588597
845,2022-08-25,428.035341
846,2022-08-26,427.017331
847,2022-08-27,426.803377
848,2022-08-28,426.092289
849,2022-08-29,428.894034
850,2022-08-30,429.364387
851,2022-08-31,431.197716
852,2022-09-01,425.874354
853,2022-09-02,426.429742
854,2022-09-03,426.367846
855,2022-09-04,424.964391
856,2022-09-05,425.454537
857,2022-09-06,423.417427
858,2022-09-07,429.305975
859,2022-09-08,429.548963
860,2022-09-09,435.392152
861,2022-09-10,435.543926
862,2022-09-11,430.879991
863,2022-09-12,433.458716
864,2022-09-13,427.997025
865,2022-09-14,430.386757
866,2022-09-15,430.712567
867,2022-09-16,430.456124
868,2022-09-17,430.397997
869,2022-09-18,430.871035
870,2022-09-19,430.794715
871,2022-09-20,430.401195
872,2022-09-21,424.847289
873,2022-09-22,424.63279
874,2022-09-23,417.784287
875,2022-09-24,417.698586
876,2022-09-25,418.142514
877,2022-09-26,414.063875
878,2022-09-27,413.896576
879,2022-09-28,420.551333
880,2022-09-29,425.455333
881,2022-09-30,424.711764
882,2022-10-01,424.785046
883,2022-10-02,424.65246
884,2022-10-03,426.410753
885,2022-10-04,433.681452
886,2022-10-05,429.790223
887,2022-10-06,427.333748
888,2022-10-07,424.761758
889,2022-10-08,424.999152
890,2022-10-09,426.957164
891,2022-10-10,427.619133
892,2022-10-11,428.536326
893,2022-10-12,426.563468
894,2022-10-13,431.085729
895,2022-10-14,428.448831
896,2022-10-15,428.398233
897,2022-10-16,430.580903
898,2022-10-17,436.253788
899,2022-10-18,441.647452
900,2022-10-19,437.479561
901,2022-10-20,439.711945
902,2022-10-21,445.958859
903,2022-10-22,445.992513
904,2022-10-23,445.498185
905,2022-10-24,449.968228
906,2022-10-25,472.775636
907,2022-10-26,483.873223
908,2022-10-27,479.227462
909,2022-10-28,480.864507
910,2022-10-29,480.56894
911,2022-10-30,480.307819
912,2022-10-31,479.107434
913,2022-11-01,481.731534
914,2022-11-02,478.905268
915,2022-11-03,475.856853
916,2022-11-04,486.948994
917,2022-11-05,487.147302
918,2022-11-06,484.516662
919,2022-11-07,488.927755
920,2022-11-08,490.660189
921,2022-11-09,488.978426
922,2022-11-10,503.51142
923,2022-11-11,511.596846
924,2022-11-12,511.191918
925,2022-11-13,509.49809
926,2022-11-14,512.756494
927,2022-11-15,518.96832
928,2022-11-16,526.533349
929,2022-11-17,524.45865
930,2022-11-18,528.675264
931,2022-11-19,528.679483
932,2022-11-20,527.377374
933,2022-11-21,521.336538
934,2022-11-22,523.110262
935,2022-11-23,530.780915
936,2022-11-24,532.190484
937,2022-11-25,532.759867
938,2022-11-26,532.921397
939,2022-11-27,530.882247
940,2022-11-28,524.12149
941,2022-11-29,523.242696
942,2022-11-30,527.036984
943,2022-12-01,532.633077
944,2022-12-02,533.419497
945,2022-12-03,533.296807
946,2022-12-04,533.169963
947,2022-12-05,530.054764
948,2022-12-06,528.280665
949,2022-12-07,529.990187
950,2022-12-08,532.429234
951,2022-12-09,531.613991
952,2022-12-10,531.092265
953,2022-12-11,530.806416
954,2022-12-12,531.415577
955,2022-12-13,536.771698
956,2022-12-14,538.854036
957,2022-12-15,536.017339
958,2022-12-16,534.453744
959,2022-12-17,534.04812
960,2022-12-18,533.836602
961,2022-12-19,534.549074
962,2022-12-20,535.305676
963,2022-12-21,534.397812
964,2022-12-22,533.605546
965,2022-12-23,537.081216
966,2022-12-24,537.033502
967,2022-12-25,534.382415
968,2022-12-26,535.587367
969,2022-12-27,536.075502
970,2022-12-28,534.393864
971,2022-12-29,536.873064
972,2022-12-30,539.663971
973,2022-12-31,540.147742
974,2023-01-01,538.196086
975,2023-01-02,537.121123
976,2023-01-03,530.993304
977,2023-01-04,534.26034
978,2023-01-05,529.55229
979,2023-01-06,536.925637
980,2023-01-07,536.855965
981,2023-01-08,535.909402
982,2023-01-09,540.490005
983,2023-01-10,540.435214
984,2023-01-11,541.920681
985,2023-01-12,546.275632
986,2023-01-13,546.035418
987,2023-01-14,545.979469
988,2023-01-15,545.339069
989,2023-01-16,544.952089
990,2023-01-17,543.172581
991,2023-01-18,542.950773
992,2023-01-19,545.197241
993,2023-01-20,546.347253
994,2023-01-21,547.483936
995,2023-01-22,546.981514
996,2023-01-23,546.809879
997,2023-01-24,547.456422
998,2023-01-25,550.384855
999,2023-01-26,549.241968
1000,2023-01-27,547.623086
1001,2023-01-28,547.959804
1002,2023-01-29,547.642352
1003,2023-01-30,546.782544
1004,2023-01-31,547.27146
1005,2023-02-01,553.559652
1006,2023-02-02,549.583964
1007,2023-02-03,544.358922
1008,2023-02-04,544.829311
1009,2023-02-05,544.16533
1010,2023-02-06,540.155577
1011,2023-02-07,540.860361
1012,2023-02-08,539.979849
1013,2023-02-09,541.241745
1014,2023-02-10,538.553644
1015,2023-02-11,538.507169
1016,2023-02-12,538.349457
1017,2023-02-13,540.666428
1018,2023-02-14,541.290396
1019,2023-02-15,538.779507
1020,2023-02-16,540.23217
1021,2023-02-17,542.698852
1022,2023-02-18,542.282637
1023,2023-02-19,540.294262
1024,2023-02-20,539.978999
1025,2023-02-21,540.160948
1026,2023-02-22,533.966571
1027,2023-02-23,533.593449
1028,2023-02-24,534.129051
1029,2023-02-25,535.383359
1030,2023-02-26,533.904963
1031,2023-02-27,536.331817
1032,2023-02-28,532.431955
1033,2023-03-01,540.351861
1034,2023-03-02,536.05251
1035,2023-03-03,538.790135
1036,2023-03-04,538.704676
1037,2023-03-05,535.174928
1038,2023-03-06,539.205847
1039,2023-03-07,534.55874
1040,2023-03-08,533.293263
1041,2023-03-09,535.624327
1042,2023-03-10,540.647561
1043,2023-03-11,539.846489
1044,2023-03-12,541.194781
1045,2023-03-13,542.118716
1046,2023-03-14,543.497151
1047,2023-03-15,535.831863
1048,2023-03-16,537.296987
1049,2023-03-17,542.40439
1050,2023-03-18,543.680827
1051,2023-03-19,539.343699
1052,2023-03-20,541.192568
1053,2023-03-21,543.329186
1054,2023-03-22,547.630593
1055,2023-03-23,546.377402
1056,2023-03-24,543.903919
1057,2023-03-25,543.732388
1058,2023-03-26,543.611663
1059,2023-03-27,546.066075
1060,2023-03-28,548.381386
1061,2023-03-29,550.401472
1062,2023-03-30,552.104044
1063,2023-03-31,551.137836
1064,2023-04-01,551.182892
1065,2023-04-02,547.876899
1066,2023-04-03,552.99245
1067,2023-04-04,554.683439
1068,2023-04-05,552.714994
1069,2023-04-06,552.021659
1070,2023-04-07,558.360883
1071,2023-04-08,558.408864
1072,2023-04-09,553.443357
1073,2023-04-10,551.343072
1074,2023-04-11,554.550921
1075,2023-04-12,557.60563
1076,2023-04-13,559.942712
1077,2023-04-14,563.083475
1078,2023-04-15,563.368744
1079,2023-04-16,557.316374
1080,2023-04-17,553.685768
1081,2023-04-18,555.438117
1082,2023-04-19,553.862654
1083,2023-04-20,557.258213
1084,2023-04-21,561.450061
1085,2023-04-22,561.489788
1086,2023-04-23,557.480546
1087,2023-04-24,562.61173
1088,2023-04-25,557.728105
1089,2023-04-26,559.501989
1090,2023-04-27,560.720148
1091,2023-04-28,566.379302
1092,2023-04-29,566.633052
1093,2023-04-30,559.750965
1094,2023-05-01,559.80431
1095,2023-05-02,561.068232
1096,2023-05-03,562.681453
1097,2023-05-04,561.742149
1098,2023-05-05,567.036166
1099,2023-05-06,570.491753
1100,2023-05-07,559.871898
1101,2023-05-08,559.026174
1102,2023-05-09,559.143635
1103,2023-05-10,559.026605
1104,2023-05-11,555.394037
1105,2023-05-12,557.684077
1106,2023-05-13,557.281033
1107,2023-05-14,558.671762
1108,2023-05-15,571.472473
1109,2023-05-16,572.566979
1110,2023-05-17,585.376668
1111,2023-05-18,581.042748
1112,2023-05-19,584.474727
1113,2023-05-20,584.186964
1114,2023-05-21,582.978548
1115,2023-05-22,583.199622
1116,2023-05-23,580.841708
1117,2023-05-24,581.028319
1118,2023-05-25,584.66269
1119,2023-05-26,592.39706
1120,2023-05-27,592.531102
1121,2023-05-28,594.584312
1122,2023-05-29,606.871655
1123,2023-05-30,610.926357
1124,2023-05-31,623.662153
1125,2023-06-01,634.401024
1126,2023-06-02,638.712247
1127,2023-06-03,638.438927
1128,2023-06-04,637.71352
1129,2023-06-05,646.983489
1130,2023-06-06,648.690117
1131,2023-06-07,654.802002
1132,2023-06-08,660.273823
1133,2023-06-09,686.087266
1134,2023-06-10,686.538708
1135,2023-06-11,712.820255
1136,2023-06-12,726.872859
1137,2023-06-13,729.88721
1138,2023-06-14,750.822777
1139,2023-06-15,770.141173
1140,2023-06-16,771.896615
1141,2023-06-17,771.846666
1142,2023-06-18,779.077104
1143,2023-06-19,810.975113
1144,2023-06-20,819.707394
1145,2023-06-21,832.51491
1146,2023-06-22,857.533225
1147,2023-06-23,866.889494
1148,2023-06-24,866.895863
1149,2023-06-25,865.704103
1150,2023-06-26,869.368639
1151,2023-06-27,885.227673
1152,2023-06-28,899.470133
1153,2023-06-29,894.59591
1154,2023-06-30,900.576027
1155,2023-07-01,900.325365
1156,2023-07-02,899.045657
1157,2023-07-03,901.262542
1158,2023-07-04,896.255287
1159,2023-07-05,895.303031
1160,2023-07-06,898.855321
1161,2023-07-07,906.384269
1162,2023-07-08,905.907344
1163,2023-07-09,905.799105
1164,2023-07-10,906.66896
1165,2023-07-11,909.132737
1166,2023-07-12,920.204409
1167,2023-07-13,926.766354
1168,2023-07-14,925.504623
1169,2023-07-15,925.3354
1170,2023-07-16,924.159432
1171,2023-07-17,925.276919
1172,2023-07-18,926.94151
1173,2023-07-19,923.478178
1174,2023-07-20,919.730731
1175,2023-07-21,919.375936
1176,2023-07-22,919.34942
1177,2023-07-23,919.580731
1178,2023-07-24,913.586288
1179,2023-07-25,912.177049
1180,2023-07-26,915.003938
1181,2023-07-27,905.790438
1182,2023-07-28,909.304362
1183,2023-07-29,908.97498
1184,2023-07-30,909.782871
1185,2023-07-31,908.010613
1186,2023-08-01,909.431404
1187,2023-08-02,901.971162
1188,2023-08-03,906.006977
1189,2023-08-04,909.18952
1190,2023-08-05,908.92768
1191,2023-08-06,908.215229
1192,2023-08-07,906.946909
1193,2023-08-08,903.136169
1194,2023-08-09,905.302973
1195,2023-08-10,905.14731
1196,2023-08-11,903.129778
1197,2023-08-12,903.497401
1198,2023-08-13,901.902087
1199,2023-08-14,900.189843
1200,2023-08-15,900.452639
1201,2023-08-16,899.770859
1202,2023-08-17,898.74256
1203,2023-08-18,901.262962
1204,2023-08-19,901.528377
1205,2023-08-20,898.979505
1206,2023-08-21,900.06376
1207,2023-08-22,896.805415
1208,2023-08-23,898.396148
1209,2023-08-24,892.345523
1210,2023-08-25,890.235418
1211,2023-08-26,889.982553
1212,2023-08-27,890.10264
1213,2023-08-28,892.775752
1214,2023-08-29,897.463197
1215,2023-08-30,901.304195
1216,2023-08-31,894.235933
1217,2023-09-01,889.315294
1218,2023-09-02,889.441554
1219,2023-09-03,889.906891
1220,2023-09-04,890.643637
1221,2023-09-05,886.058847
1222,2023-09-06,885.484479
1223,2023-09-07,887.536611
1224,2023-09-14,889.921907
1225,2023-09-18,882.304758
1226,2023-09-19,887.281683
1227,2023-10-02,868.658838
1228,2019-12-08,529.026839
1229,2019-12-09,526.947709
1230,2019-12-10,525.879658
1231,2019-12-11,525.807311
1232,2019-12-12,524.96407
1233,2019-12-13,515.36068
1234,2019-12-14,515.337528
1235,2019-12-15,515.527108
1236,2019-12-16,511.227747
1237,2019-12-17,511.851683
1238,2019-12-18,509.144569
1239,2019-12-19,515.497645
1240,2019-12-20,521.761749
1241,2019-12-21,521.853033
1242,2019-12-22,521.828421
1243,2019-12-23,534.859483
1244,2019-12-24,534.680153
1245,2019-12-25,535.028888
1246,2019-12-26,535.308212
1247,2019-12-27,538.77895
1248,2019-12-28,538.874258
1249,2019-12-29,539.216669
1250,2019-12-30,540.190732
1251,2019-12-31,541.054472
1252,2020-01-01,540.976516
1253,2020-01-02,538.689799
1254,2020-01-03,538.165407
1255,2020-01-04,538.141264
1256,2020-01-05,538.241826
1257,2020-01-06,539.925502
1258,2020-01-07,539.51479
1259,2020-01-08,537.512292
1260,2020-01-09,537.964986
1261,2020-01-10,538.499159
1262,2020-01-11,538.513234
1263,2020-01-12,538.334043
1264,2020-01-13,539.257222
1265,2020-01-14,540.862324
1266,2020-01-15,542.03496
1267,2020-01-16,545.034637
1268,2020-01-17,542.760089
1269,2020-01-18,542.769901
1270,2020-01-19,542.937591
1271,2020-01-20,543.04887
1272,2020-01-21,546.738327
1273,2020-01-22,547.275114
1274,2020-01-23,548.932461
1275,2020-01-24,547.450225
1276,2020-01-25,547.470083
1277,2020-01-26,547.446898
1278,2020-01-27,547.169405
1279,2020-01-28,547.124488
1280,2020-01-29,546.739019
1281,2020-01-30,546.803849
1282,2020-01-31,550.092929
1283,2020-02-01,550.053199
1284,2020-02-02,549.81157
1285,2020-02-03,548.479549
1286,2020-02-04,547.602511
1287,2020-02-05,545.374351
1288,2020-02-06,545.031165
1289,2020-02-07,543.291371 
1290,2020-02-08,543.331097  
1291,2020-02-09,543.45941  
1292,2020-02-10,541.583861   
1293,2020-02-11,540.747509   
1294,2020-02-12,538.595097    
1295,2020-02-13,536.494494    
1296,2020-02-14,535.862305    
1297,2020-02-15,535.862305    
1298,2020-02-16,536.384363    
1299,2020-02-17,536.20541    
1300,2020-02-18,533.221247    
1301,2020-02-19,533.96811   
1302,2020-02-20,531.824777    
1303,2020-02-21,534.748205    
1304,2020-02-22,534.748205    
1305,2020-02-23,534.330816   
1306,2020-02-24,534.841894   
1307,2020-02-25,536.397227
1308,2020-02-26,536.631013
1309,2020-02-27,541.738854
1310,2020-02-28,543.242875
1311,2020-02-29,543.263004
1312,2020-03-01,544.399492
1313,2020-03-02,548.970727
1314,2020-03-03,549.843207
1315,2020-03-04,547.891204
1316,2020-03-05,552.069666
1317,2020-03-06,555.155214
1318,2020-03-07,555.170001
1319,2020-03-08,560.039653
1320,2020-03-09,560.630166
1321,2020-03-10,557.699623
1322,2020-03-11,554.967135
1323,2020-03-12,557.063074
1324,2020-03-13,554.962028
1325,2020-03-14,555.111452
1326,2020-03-15,555.556365
1327,2020-03-16,555.90432
1328,2020-03-17,557.681556
1329,2020-03-18,554.961348
1330,2020-03-19,552.640835
1331,2020-03-20,558.162058
1332,2020-03-21,558.213965
1333,2020-03-22,554.576529
1334,2020-03-23,558.244483
1335,2020-03-24,560.219307
1336,2020-03-25,584.396243
1337,2020-03-26,592.911561
1338,2020-03-27,599.305352
1339,2020-03-28,599.391498
1340,2020-03-29,597.766206
1341,2020-03-30,572.015013
1342,2020-03-31,591.75146
1343,2020-04-01,587.826627
1344,2020-04-02,587.322445
1345,2020-04-03,585.031981
1346,2020-04-04,585.068012
1347,2020-04-05,585.145434
1348,2020-04-06,594.524297
1349,2020-04-07,604.624633
1350,2020-04-08,607.748111
1351,2020-04-09,611.308196
1352,2020-04-10,611.907072
1353,2020-04-11,611.851131
1354,2020-04-12,611.659241
1355,2020-04-13,615.806556
1356,2020-04-14,621.661792
1357,2020-04-15,615.225986
1358,2020-04-16,616.141241
1359,2020-04-17,615.292206
1360,2020-04-18,615.292206
1361,2020-04-19,614.810982
1362,2020-04-20,608.414697
1363,2020-04-21,607.635078
1364,2020-04-22,607.317035
1365,2020-04-23,608.498998
1366,2020-04-24,613.355647
1367,2020-04-25,613.188575
1368,2020-04-26,613.146614
1369,2020-04-27,606.038447
1370,2020-04-28,612.070984
1371,2020-04-29,609.102625
1372,2020-04-30,609.959605
1373,2020-05-01,618.245147



