,Unnamed: 0,time,Weather,Date
0,0.0,2019-01-01,27.6,2019-01-01
1,1.0,2019-01-02,27.8,2019-01-02
2,2.0,2019-01-03,27.5,2019-01-03
3,3.0,2019-01-04,27.5,2019-01-04
4,4.0,2019-01-05,25.9,2019-01-05
5,5.0,2019-01-06,27.1,2019-01-06
6,6.0,2019-01-07,27.6,2019-01-07
7,7.0,2019-01-08,27.7,2019-01-08
8,8.0,2019-01-09,27.7,2019-01-09
9,9.0,2019-01-10,26.9,2019-01-10
10,10.0,2019-01-11,28.0,2019-01-11
11,11.0,2019-01-12,27.0,2019-01-12
12,12.0,2019-01-13,26.7,2019-01-13
13,13.0,2019-01-14,27.3,2019-01-14
14,14.0,2019-01-15,27.1,2019-01-15
15,15.0,2019-01-16,27.4,2019-01-16
16,16.0,2019-01-17,27.7,2019-01-17
17,17.0,2019-01-18,27.9,2019-01-18
18,18.0,2019-01-19,27.6,2019-01-19
19,19.0,2019-01-20,27.7,2019-01-20
20,20.0,2019-01-21,28.4,2019-01-21
21,21.0,2019-01-22,28.7,2019-01-22
22,22.0,2019-01-23,28.5,2019-01-23
23,23.0,2019-01-24,28.0,2019-01-24
24,24.0,2019-01-25,28.0,2019-01-25
25,25.0,2019-01-26,28.9,2019-01-26
26,26.0,2019-01-27,28.2,2019-01-27
27,27.0,2019-01-28,28.3,2019-01-28
28,28.0,2019-01-29,28.6,2019-01-29
29,29.0,2019-01-30,28.9,2019-01-30
30,30.0,2019-01-31,28.4,2019-01-31
31,31.0,2019-02-01,25.7,2019-02-01
32,32.0,2019-02-02,28.1,2019-02-02
33,33.0,2019-02-03,28.5,2019-02-03
34,34.0,2019-02-04,28.3,2019-02-04
35,35.0,2019-02-05,27.8,2019-02-05
36,36.0,2019-02-06,28.3,2019-02-06
37,37.0,2019-02-07,28.9,2019-02-07
38,38.0,2019-02-08,28.9,2019-02-08
39,39.0,2019-02-09,28.4,2019-02-09
40,40.0,2019-02-10,29.2,2019-02-10
41,41.0,2019-02-11,29.8,2019-02-11
42,42.0,2019-02-12,28.2,2019-02-12
43,43.0,2019-02-13,28.1,2019-02-13
44,44.0,2019-02-14,28.8,2019-02-14
45,45.0,2019-02-15,27.6,2019-02-15
46,46.0,2019-02-16,26.9,2019-02-16
47,47.0,2019-02-17,28.5,2019-02-17
48,48.0,2019-02-18,28.6,2019-02-18
49,49.0,2019-02-19,28.4,2019-02-19
50,50.0,2019-02-20,28.7,2019-02-20
51,51.0,2019-02-21,27.7,2019-02-21
52,52.0,2019-02-22,24.7,2019-02-22
53,53.0,2019-02-23,27.1,2019-02-23
54,54.0,2019-02-24,27.9,2019-02-24
55,55.0,2019-02-25,28.7,2019-02-25
56,56.0,2019-02-26,29.5,2019-02-26
57,57.0,2019-02-27,26.7,2019-02-27
58,58.0,2019-02-28,28.2,2019-02-28
59,59.0,2019-03-01,28.1,2019-03-01
60,60.0,2019-03-02,28.1,2019-03-02
61,61.0,2019-03-03,27.4,2019-03-03
62,62.0,2019-03-04,28.6,2019-03-04
63,63.0,2019-03-05,26.7,2019-03-05
64,64.0,2019-03-06,27.7,2019-03-06
65,65.0,2019-03-07,28.6,2019-03-07
66,66.0,2019-03-08,28.9,2019-03-08
67,67.0,2019-03-09,28.1,2019-03-09
68,68.0,2019-03-10,28.5,2019-03-10
69,69.0,2019-03-11,28.9,2019-03-11
70,70.0,2019-03-12,29.0,2019-03-12
71,71.0,2019-03-13,28.4,2019-03-13
72,72.0,2019-03-14,28.9,2019-03-14
73,73.0,2019-03-15,28.8,2019-03-15
74,74.0,2019-03-16,28.4,2019-03-16
75,75.0,2019-03-17,28.0,2019-03-17
76,76.0,2019-03-18,28.9,2019-03-18
77,77.0,2019-03-19,27.8,2019-03-19
78,78.0,2019-03-20,28.3,2019-03-20
79,79.0,2019-03-21,28.6,2019-03-21
80,80.0,2019-03-22,28.7,2019-03-22
81,81.0,2019-03-23,27.6,2019-03-23
82,82.0,2019-03-24,28.3,2019-03-24
83,83.0,2019-03-25,28.4,2019-03-25
84,84.0,2019-03-26,26.8,2019-03-26
85,85.0,2019-03-27,28.1,2019-03-27
86,86.0,2019-03-28,29.1,2019-03-28
87,87.0,2019-03-29,26.0,2019-03-29
88,88.0,2019-03-30,27.1,2019-03-30
89,89.0,2019-03-31,28.6,2019-03-31
90,90.0,2019-04-01,28.7,2019-04-01
91,91.0,2019-04-02,28.9,2019-04-02
92,92.0,2019-04-03,27.9,2019-04-03
93,93.0,2019-04-04,28.9,2019-04-04
94,94.0,2019-04-05,28.7,2019-04-05
95,95.0,2019-04-06,27.7,2019-04-06
96,96.0,2019-04-07,26.5,2019-04-07
97,97.0,2019-04-08,27.3,2019-04-08
98,98.0,2019-04-09,28.2,2019-04-09
99,99.0,2019-04-10,27.9,2019-04-10
100,100.0,2019-04-11,27.8,2019-04-11
101,101.0,2019-04-12,27.6,2019-04-12
102,102.0,2019-04-13,28.0,2019-04-13
103,103.0,2019-04-14,28.1,2019-04-14
104,104.0,2019-04-15,28.1,2019-04-15
105,105.0,2019-04-16,27.7,2019-04-16
106,106.0,2019-04-17,28.6,2019-04-17
107,107.0,2019-04-18,28.2,2019-04-18
108,108.0,2019-04-19,28.0,2019-04-19
109,109.0,2019-04-20,27.8,2019-04-20
110,110.0,2019-04-21,27.4,2019-04-21
111,111.0,2019-04-22,28.3,2019-04-22
112,112.0,2019-04-23,27.9,2019-04-23
113,113.0,2019-04-24,27.4,2019-04-24
114,114.0,2019-04-25,27.3,2019-04-25
115,115.0,2019-04-26,26.9,2019-04-26
116,116.0,2019-04-27,27.4,2019-04-27
117,117.0,2019-04-28,28.2,2019-04-28
118,118.0,2019-04-29,27.9,2019-04-29
119,119.0,2019-04-30,27.2,2019-04-30
120,120.0,2019-05-01,26.6,2019-05-01
121,121.0,2019-05-02,27.8,2019-05-02
122,122.0,2019-05-03,27.6,2019-05-03
123,123.0,2019-05-04,26.9,2019-05-04
124,124.0,2019-05-05,27.0,2019-05-05
125,125.0,2019-05-06,27.0,2019-05-06
126,126.0,2019-05-07,26.1,2019-05-07
127,127.0,2019-05-08,27.0,2019-05-08
128,128.0,2019-05-09,28.1,2019-05-09
129,129.0,2019-05-10,27.6,2019-05-10
130,130.0,2019-05-11,27.4,2019-05-11
131,131.0,2019-05-12,26.9,2019-05-12
132,132.0,2019-05-13,27.0,2019-05-13
133,133.0,2019-05-14,27.0,2019-05-14
134,134.0,2019-05-15,27.2,2019-05-15
135,135.0,2019-05-16,27.2,2019-05-16
136,136.0,2019-05-17,27.2,2019-05-17
137,137.0,2019-05-18,27.3,2019-05-18
138,138.0,2019-05-19,26.8,2019-05-19
139,139.0,2019-05-20,27.1,2019-05-20
140,140.0,2019-05-21,25.6,2019-05-21
141,141.0,2019-05-22,26.3,2019-05-22
142,142.0,2019-05-23,26.4,2019-05-23
143,143.0,2019-05-24,26.1,2019-05-24
144,144.0,2019-05-25,25.7,2019-05-25
145,145.0,2019-05-26,26.1,2019-05-26
146,146.0,2019-05-27,25.7,2019-05-27
147,147.0,2019-05-28,24.7,2019-05-28
148,148.0,2019-05-29,24.9,2019-05-29
149,149.0,2019-05-30,25.4,2019-05-30
150,150.0,2019-05-31,24.9,2019-05-31
151,151.0,2019-06-01,23.8,2019-06-01
152,152.0,2019-06-02,23.8,2019-06-02
153,153.0,2019-06-03,24.2,2019-06-03
154,154.0,2019-06-04,24.6,2019-06-04
155,155.0,2019-06-05,23.8,2019-06-05
156,156.0,2019-06-06,24.2,2019-06-06
157,157.0,2019-06-07,23.6,2019-06-07
158,158.0,2019-06-08,23.9,2019-06-08
159,159.0,2019-06-09,23.6,2019-06-09
160,160.0,2019-06-10,23.6,2019-06-10
161,161.0,2019-06-11,23.4,2019-06-11
162,162.0,2019-06-12,24.4,2019-06-12
163,163.0,2019-06-13,24.9,2019-06-13
164,164.0,2019-06-14,24.3,2019-06-14
165,165.0,2019-06-15,23.6,2019-06-15
166,166.0,2019-06-16,23.6,2019-06-16
167,167.0,2019-06-17,24.4,2019-06-17
168,168.0,2019-06-18,22.8,2019-06-18
169,169.0,2019-06-19,23.0,2019-06-19
170,170.0,2019-06-20,24.0,2019-06-20
171,171.0,2019-06-21,23.8,2019-06-21
172,172.0,2019-06-22,24.0,2019-06-22
173,173.0,2019-06-23,24.7,2019-06-23
174,174.0,2019-06-24,23.3,2019-06-24
175,175.0,2019-06-25,23.5,2019-06-25
176,176.0,2019-06-26,22.2,2019-06-26
177,177.0,2019-06-27,22.3,2019-06-27
178,178.0,2019-06-28,21.6,2019-06-28
179,179.0,2019-06-29,22.7,2019-06-29
180,180.0,2019-06-30,22.7,2019-06-30
181,181.0,2019-07-01,22.0,2019-07-01
182,182.0,2019-07-02,22.3,2019-07-02
183,183.0,2019-07-03,22.9,2019-07-03
184,184.0,2019-07-04,21.9,2019-07-04
185,185.0,2019-07-05,22.3,2019-07-05
186,186.0,2019-07-06,23.4,2019-07-06
187,187.0,2019-07-07,23.2,2019-07-07
188,188.0,2019-07-08,22.8,2019-07-08
189,189.0,2019-07-09,22.7,2019-07-09
190,190.0,2019-07-10,23.3,2019-07-10
191,191.0,2019-07-11,22.8,2019-07-11
192,192.0,2019-07-12,22.3,2019-07-12
193,193.0,2019-07-13,22.9,2019-07-13
194,194.0,2019-07-14,22.2,2019-07-14
195,195.0,2019-07-15,22.2,2019-07-15
196,196.0,2019-07-16,22.3,2019-07-16
197,197.0,2019-07-17,22.1,2019-07-17
198,198.0,2019-07-18,21.8,2019-07-18
199,199.0,2019-07-19,22.2,2019-07-19
200,200.0,2019-07-20,22.4,2019-07-20
201,201.0,2019-07-21,22.4,2019-07-21
202,202.0,2019-07-22,21.8,2019-07-22
203,203.0,2019-07-23,21.7,2019-07-23
204,204.0,2019-07-24,21.3,2019-07-24
205,205.0,2019-07-25,21.4,2019-07-25
206,206.0,2019-07-26,22.0,2019-07-26
207,207.0,2019-07-27,22.2,2019-07-27
208,208.0,2019-07-28,21.6,2019-07-28
209,209.0,2019-07-29,22.1,2019-07-29
210,210.0,2019-07-30,21.7,2019-07-30
211,211.0,2019-07-31,21.0,2019-07-31
212,212.0,2019-08-01,21.6,2019-08-01
213,213.0,2019-08-02,22.6,2019-08-02
214,214.0,2019-08-03,21.4,2019-08-03
215,215.0,2019-08-04,21.9,2019-08-04
216,216.0,2019-08-05,21.9,2019-08-05
217,217.0,2019-08-06,21.9,2019-08-06
218,218.0,2019-08-07,21.4,2019-08-07
219,219.0,2019-08-08,21.6,2019-08-08
220,220.0,2019-08-09,21.6,2019-08-09
221,221.0,2019-08-10,22.2,2019-08-10
222,222.0,2019-08-11,21.6,2019-08-11
223,223.0,2019-08-12,22.3,2019-08-12
224,224.0,2019-08-13,21.9,2019-08-13
225,225.0,2019-08-14,21.9,2019-08-14
226,226.0,2019-08-15,22.4,2019-08-15
227,227.0,2019-08-16,22.6,2019-08-16
228,228.0,2019-08-17,21.7,2019-08-17
229,229.0,2019-08-18,22.2,2019-08-18
230,230.0,2019-08-19,22.1,2019-08-19
231,231.0,2019-08-20,22.2,2019-08-20
232,232.0,2019-08-21,22.6,2019-08-21
233,233.0,2019-08-22,23.3,2019-08-22
234,234.0,2019-08-23,22.4,2019-08-23
235,235.0,2019-08-24,22.4,2019-08-24
236,236.0,2019-08-25,21.9,2019-08-25
237,237.0,2019-08-26,23.1,2019-08-26
238,238.0,2019-08-27,23.3,2019-08-27
239,239.0,2019-08-28,22.8,2019-08-28
240,240.0,2019-08-29,23.1,2019-08-29
241,241.0,2019-08-30,22.7,2019-08-30
242,242.0,2019-08-31,22.6,2019-08-31
243,243.0,2019-09-01,23.2,2019-09-01
244,244.0,2019-09-02,22.8,2019-09-02
245,245.0,2019-09-03,23.1,2019-09-03
246,246.0,2019-09-04,23.6,2019-09-04
247,247.0,2019-09-05,22.8,2019-09-05
248,248.0,2019-09-06,23.5,2019-09-06
249,249.0,2019-09-07,22.9,2019-09-07
250,250.0,2019-09-08,23.4,2019-09-08
251,251.0,2019-09-09,24.0,2019-09-09
252,252.0,2019-09-10,23.7,2019-09-10
253,253.0,2019-09-11,24.2,2019-09-11
254,254.0,2019-09-12,24.4,2019-09-12
255,255.0,2019-09-13,23.2,2019-09-13
256,256.0,2019-09-14,23.2,2019-09-14
257,257.0,2019-09-15,22.8,2019-09-15
258,258.0,2019-09-16,23.3,2019-09-16
259,259.0,2019-09-17,23.3,2019-09-17
260,260.0,2019-09-18,24.3,2019-09-18
261,261.0,2019-09-19,23.4,2019-09-19
262,262.0,2019-09-20,23.7,2019-09-20
263,263.0,2019-09-21,23.9,2019-09-21
264,264.0,2019-09-22,24.0,2019-09-22
265,265.0,2019-09-23,23.9,2019-09-23
266,266.0,2019-09-24,24.0,2019-09-24
267,267.0,2019-09-25,24.4,2019-09-25
268,268.0,2019-09-26,24.2,2019-09-26
269,269.0,2019-09-27,24.4,2019-09-27
270,270.0,2019-09-28,24.6,2019-09-28
271,271.0,2019-09-29,24.2,2019-09-29
272,272.0,2019-09-30,23.7,2019-09-30
273,273.0,2019-10-01,24.7,2019-10-01
274,274.0,2019-10-02,24.9,2019-10-02
275,275.0,2019-10-03,24.6,2019-10-03
276,276.0,2019-10-04,24.7,2019-10-04
277,277.0,2019-10-05,25.3,2019-10-05
278,278.0,2019-10-06,25.3,2019-10-06
279,279.0,2019-10-07,24.6,2019-10-07
280,280.0,2019-10-08,25.7,2019-10-08
281,281.0,2019-10-09,25.1,2019-10-09
282,282.0,2019-10-10,25.6,2019-10-10
283,283.0,2019-10-11,25.7,2019-10-11
284,284.0,2019-10-12,25.6,2019-10-12
285,285.0,2019-10-13,25.3,2019-10-13
286,286.0,2019-10-14,24.7,2019-10-14
287,287.0,2019-10-15,25.3,2019-10-15
288,288.0,2019-10-16,25.8,2019-10-16
289,289.0,2019-10-17,25.9,2019-10-17
290,290.0,2019-10-18,26.1,2019-10-18
291,291.0,2019-10-19,26.0,2019-10-19
292,292.0,2019-10-20,25.2,2019-10-20
293,293.0,2019-10-21,26.5,2019-10-21
294,294.0,2019-10-22,26.4,2019-10-22
295,295.0,2019-10-23,25.8,2019-10-23
296,296.0,2019-10-24,26.2,2019-10-24
297,297.0,2019-10-25,27.3,2019-10-25
298,298.0,2019-10-26,25.9,2019-10-26
299,299.0,2019-10-27,25.9,2019-10-27
300,300.0,2019-10-28,26.5,2019-10-28
301,301.0,2019-10-29,25.9,2019-10-29
302,302.0,2019-10-30,26.9,2019-10-30
303,303.0,2019-10-31,26.8,2019-10-31
304,304.0,2019-11-01,26.8,2019-11-01
305,305.0,2019-11-02,27.2,2019-11-02
306,306.0,2019-11-03,27.5,2019-11-03
307,307.0,2019-11-04,27.7,2019-11-04
308,308.0,2019-11-05,25.1,2019-11-05
309,309.0,2019-11-06,26.0,2019-11-06
310,310.0,2019-11-07,27.3,2019-11-07
311,311.0,2019-11-08,27.9,2019-11-08
312,312.0,2019-11-09,28.2,2019-11-09
313,313.0,2019-11-10,28.2,2019-11-10
314,314.0,2019-11-11,27.8,2019-11-11
315,315.0,2019-11-12,27.7,2019-11-12
316,316.0,2019-11-13,26.7,2019-11-13
317,317.0,2019-11-14,27.8,2019-11-14
318,318.0,2019-11-15,28.2,2019-11-15
319,319.0,2019-11-16,27.2,2019-11-16
320,320.0,2019-11-17,27.3,2019-11-17
321,321.0,2019-11-18,27.5,2019-11-18
322,322.0,2019-11-19,27.4,2019-11-19
323,323.0,2019-11-20,27.6,2019-11-20
324,324.0,2019-11-21,26.3,2019-11-21
325,325.0,2019-11-22,26.9,2019-11-22
326,326.0,2019-11-23,26.4,2019-11-23
327,327.0,2019-11-24,26.9,2019-11-24
328,328.0,2019-11-25,26.7,2019-11-25
329,329.0,2019-11-26,26.6,2019-11-26
330,330.0,2019-11-27,27.2,2019-11-27
331,331.0,2019-11-28,27.4,2019-11-28
332,332.0,2019-11-29,27.6,2019-11-29
333,333.0,2019-11-30,27.7,2019-11-30
334,334.0,2019-12-01,27.8,2019-12-01
335,335.0,2019-12-02,27.7,2019-12-02
336,336.0,2019-12-03,27.3,2019-12-03
337,337.0,2019-12-04,27.3,2019-12-04
338,338.0,2019-12-05,26.6,2019-12-05
339,339.0,2019-12-06,27.9,2019-12-06
340,340.0,2019-12-07,27.9,2019-12-07
341,341.0,2019-12-08,27.6,2019-12-08
342,342.0,2019-12-09,27.2,2019-12-09
343,343.0,2019-12-10,27.4,2019-12-10
344,344.0,2019-12-11,27.7,2019-12-11
345,345.0,2019-12-12,27.3,2019-12-12
346,346.0,2019-12-13,26.8,2019-12-13
347,347.0,2019-12-14,26.9,2019-12-14
348,348.0,2019-12-15,27.7,2019-12-15
349,349.0,2019-12-16,27.9,2019-12-16
350,350.0,2019-12-17,28.8,2019-12-17
351,351.0,2019-12-18,27.7,2019-12-18
352,352.0,2019-12-19,27.7,2019-12-19
353,353.0,2019-12-20,26.9,2019-12-20
354,354.0,2019-12-21,27.6,2019-12-21
355,355.0,2019-12-22,27.9,2019-12-22
356,356.0,2019-12-23,27.7,2019-12-23
357,357.0,2019-12-24,28.3,2019-12-24
358,358.0,2019-12-25,28.2,2019-12-25
359,359.0,2019-12-26,28.2,2019-12-26
360,360.0,2019-12-27,28.4,2019-12-27
361,361.0,2019-12-28,28.3,2019-12-28
362,362.0,2019-12-29,28.3,2019-12-29
363,363.0,2019-12-30,28.7,2019-12-30
364,364.0,2019-12-31,28.8,2019-12-31
365,365.0,2020-01-01,28.5,2020-01-01
366,366.0,2020-01-02,28.4,2020-01-02
367,367.0,2020-01-03,28.3,2020-01-03
368,368.0,2020-01-04,24.6,2020-01-04
369,369.0,2020-01-05,27.3,2020-01-05
370,370.0,2020-01-06,28.3,2020-01-06
371,371.0,2020-01-07,27.6,2020-01-07
372,372.0,2020-01-08,27.7,2020-01-08
373,373.0,2020-01-09,27.7,2020-01-09
374,374.0,2020-01-10,24.6,2020-01-10
375,375.0,2020-01-11,25.9,2020-01-11
376,376.0,2020-01-12,27.7,2020-01-12
377,377.0,2020-01-13,28.2,2020-01-13
378,378.0,2020-01-14,27.9,2020-01-14
379,379.0,2020-01-15,28.6,2020-01-15
380,380.0,2020-01-16,28.4,2020-01-16
381,381.0,2020-01-17,28.3,2020-01-17
382,382.0,2020-01-18,28.8,2020-01-18
383,383.0,2020-01-19,28.8,2020-01-19
384,384.0,2020-01-20,28.4,2020-01-20
385,385.0,2020-01-21,29.0,2020-01-21
386,386.0,2020-01-22,29.1,2020-01-22
387,387.0,2020-01-23,28.7,2020-01-23
388,388.0,2020-01-24,28.9,2020-01-24
389,389.0,2020-01-25,28.4,2020-01-25
390,390.0,2020-01-26,28.2,2020-01-26
391,391.0,2020-01-27,28.3,2020-01-27
392,392.0,2020-01-28,28.5,2020-01-28
393,393.0,2020-01-29,27.2,2020-01-29
394,394.0,2020-01-30,27.5,2020-01-30
395,395.0,2020-01-31,28.4,2020-01-31
396,396.0,2020-02-01,28.8,2020-02-01
397,397.0,2020-02-02,29.0,2020-02-02
398,398.0,2020-02-03,27.2,2020-02-03
399,399.0,2020-02-04,25.5,2020-02-04
400,400.0,2020-02-05,26.8,2020-02-05
401,401.0,2020-02-06,28.1,2020-02-06
402,402.0,2020-02-07,28.1,2020-02-07
403,403.0,2020-02-08,27.7,2020-02-08
404,404.0,2020-02-09,28.4,2020-02-09
405,405.0,2020-02-10,28.3,2020-02-10
406,406.0,2020-02-11,27.5,2020-02-11
407,407.0,2020-02-12,28.8,2020-02-12
408,408.0,2020-02-13,28.4,2020-02-13
409,409.0,2020-02-14,27.0,2020-02-14
410,410.0,2020-02-15,27.7,2020-02-15
411,411.0,2020-02-16,27.7,2020-02-16
412,412.0,2020-02-17,27.5,2020-02-17
413,413.0,2020-02-18,28.2,2020-02-18
414,414.0,2020-02-19,27.5,2020-02-19
415,415.0,2020-02-20,28.1,2020-02-20
416,416.0,2020-02-21,29.1,2020-02-21
417,417.0,2020-02-22,28.9,2020-02-22
418,418.0,2020-02-23,27.6,2020-02-23
419,419.0,2020-02-24,28.7,2020-02-24
420,420.0,2020-02-25,28.3,2020-02-25
421,421.0,2020-02-26,28.1,2020-02-26
422,422.0,2020-02-27,27.7,2020-02-27
423,423.0,2020-02-28,27.4,2020-02-28
424,424.0,2020-02-29,26.3,2020-02-29
425,425.0,2020-03-01,26.8,2020-03-01
426,426.0,2020-03-02,28.1,2020-03-02
427,427.0,2020-03-03,28.6,2020-03-03
428,428.0,2020-03-04,27.9,2020-03-04
429,429.0,2020-03-05,27.8,2020-03-05
430,430.0,2020-03-06,27.8,2020-03-06
431,431.0,2020-03-07,28.3,2020-03-07
432,432.0,2020-03-08,28.9,2020-03-08
433,433.0,2020-03-09,27.9,2020-03-09
434,434.0,2020-03-10,28.6,2020-03-10
435,435.0,2020-03-11,27.9,2020-03-11
436,436.0,2020-03-12,28.7,2020-03-12
437,437.0,2020-03-13,28.6,2020-03-13
438,438.0,2020-03-14,28.4,2020-03-14
439,439.0,2020-03-15,28.9,2020-03-15
440,440.0,2020-03-16,28.7,2020-03-16
441,441.0,2020-03-17,28.6,2020-03-17
442,442.0,2020-03-18,28.8,2020-03-18
443,443.0,2020-03-19,28.3,2020-03-19
444,444.0,2020-03-20,27.7,2020-03-20
445,445.0,2020-03-21,27.6,2020-03-21
446,446.0,2020-03-22,28.0,2020-03-22
447,447.0,2020-03-23,28.6,2020-03-23
448,448.0,2020-03-24,29.2,2020-03-24
449,449.0,2020-03-25,28.7,2020-03-25
450,450.0,2020-03-26,27.8,2020-03-26
451,451.0,2020-03-27,28.8,2020-03-27
452,452.0,2020-03-28,28.8,2020-03-28
453,453.0,2020-03-29,28.4,2020-03-29
454,454.0,2020-03-30,28.7,2020-03-30
455,455.0,2020-03-31,28.8,2020-03-31
456,456.0,2020-04-01,28.0,2020-04-01
457,457.0,2020-04-02,27.9,2020-04-02
458,458.0,2020-04-03,27.1,2020-04-03
459,459.0,2020-04-04,28.3,2020-04-04
460,460.0,2020-04-05,29.0,2020-04-05
461,461.0,2020-04-06,28.3,2020-04-06
462,462.0,2020-04-07,28.5,2020-04-07
463,463.0,2020-04-08,28.2,2020-04-08
464,464.0,2020-04-09,27.6,2020-04-09
465,465.0,2020-04-10,27.2,2020-04-10
466,466.0,2020-04-11,28.4,2020-04-11
467,467.0,2020-04-12,27.2,2020-04-12
468,468.0,2020-04-13,28.8,2020-04-13
469,469.0,2020-04-14,28.4,2020-04-14
470,470.0,2020-04-15,28.4,2020-04-15
471,471.0,2020-04-16,28.7,2020-04-16
472,472.0,2020-04-17,27.9,2020-04-17
473,473.0,2020-04-18,25.8,2020-04-18
474,474.0,2020-04-19,27.2,2020-04-19
475,475.0,2020-04-20,27.4,2020-04-20
476,476.0,2020-04-21,25.7,2020-04-21
477,477.0,2020-04-22,27.3,2020-04-22
478,478.0,2020-04-23,28.1,2020-04-23
479,479.0,2020-04-24,27.7,2020-04-24
480,480.0,2020-04-25,27.5,2020-04-25
481,481.0,2020-04-26,26.5,2020-04-26
482,482.0,2020-04-27,26.9,2020-04-27
483,483.0,2020-04-28,26.6,2020-04-28
484,484.0,2020-04-29,26.6,2020-04-29
485,485.0,2020-04-30,26.7,2020-04-30
486,486.0,2020-05-01,27.0,2020-05-01
487,487.0,2020-05-02,27.9,2020-05-02
488,488.0,2020-05-03,28.2,2020-05-03
489,489.0,2020-05-04,27.5,2020-05-04
490,490.0,2020-05-05,27.6,2020-05-05
491,491.0,2020-05-06,27.6,2020-05-06
492,492.0,2020-05-07,28.2,2020-05-07
493,493.0,2020-05-08,28.2,2020-05-08
494,494.0,2020-05-09,27.7,2020-05-09
495,495.0,2020-05-10,27.7,2020-05-10
496,496.0,2020-05-11,27.7,2020-05-11
497,497.0,2020-05-12,27.8,2020-05-12
498,498.0,2020-05-13,28.2,2020-05-13
499,499.0,2020-05-14,28.4,2020-05-14
500,500.0,2020-05-15,27.6,2020-05-15
501,501.0,2020-05-16,27.7,2020-05-16
502,502.0,2020-05-17,27.1,2020-05-17
503,503.0,2020-05-18,26.6,2020-05-18
504,504.0,2020-05-19,27.0,2020-05-19
505,505.0,2020-05-20,27.2,2020-05-20
506,506.0,2020-05-21,27.7,2020-05-21
507,507.0,2020-05-22,26.8,2020-05-22
508,508.0,2020-05-23,26.6,2020-05-23
509,509.0,2020-05-24,26.9,2020-05-24
510,510.0,2020-05-25,27.6,2020-05-25
511,511.0,2020-05-26,26.8,2020-05-26
512,512.0,2020-05-27,25.3,2020-05-27
513,513.0,2020-05-28,25.4,2020-05-28
514,514.0,2020-05-29,25.3,2020-05-29
515,515.0,2020-05-30,25.9,2020-05-30
516,516.0,2020-05-31,26.2,2020-05-31
517,517.0,2020-06-01,26.1,2020-06-01
518,518.0,2020-06-02,25.6,2020-06-02
519,519.0,2020-06-03,25.8,2020-06-03
520,520.0,2020-06-04,25.9,2020-06-04
521,521.0,2020-06-05,25.7,2020-06-05
522,522.0,2020-06-06,25.8,2020-06-06
523,523.0,2020-06-07,25.9,2020-06-07
524,524.0,2020-06-08,24.9,2020-06-08
525,525.0,2020-06-09,25.6,2020-06-09
526,526.0,2020-06-10,25.4,2020-06-10
527,527.0,2020-06-11,23.7,2020-06-11
528,528.0,2020-06-12,23.5,2020-06-12
529,529.0,2020-06-13,23.3,2020-06-13
530,530.0,2020-06-14,24.1,2020-06-14
531,531.0,2020-06-15,24.1,2020-06-15
532,532.0,2020-06-16,23.6,2020-06-16
533,533.0,2020-06-17,23.8,2020-06-17
534,534.0,2020-06-18,24.0,2020-06-18
535,535.0,2020-06-19,23.6,2020-06-19
536,536.0,2020-06-20,24.4,2020-06-20
537,537.0,2020-06-21,24.3,2020-06-21
538,538.0,2020-06-22,23.8,2020-06-22
539,539.0,2020-06-23,23.8,2020-06-23
540,540.0,2020-06-24,24.5,2020-06-24
541,541.0,2020-06-25,24.3,2020-06-25
542,542.0,2020-06-26,23.9,2020-06-26
543,543.0,2020-06-27,23.8,2020-06-27
544,544.0,2020-06-28,23.4,2020-06-28
545,545.0,2020-06-29,22.9,2020-06-29
546,546.0,2020-06-30,23.7,2020-06-30
547,547.0,2020-07-01,24.1,2020-07-01
548,548.0,2020-07-02,23.8,2020-07-02
549,549.0,2020-07-03,23.6,2020-07-03
550,550.0,2020-07-04,23.8,2020-07-04
551,551.0,2020-07-05,23.7,2020-07-05
552,552.0,2020-07-06,23.5,2020-07-06
553,553.0,2020-07-07,23.5,2020-07-07
554,554.0,2020-07-08,22.5,2020-07-08
555,555.0,2020-07-09,22.9,2020-07-09
556,556.0,2020-07-10,23.5,2020-07-10
557,557.0,2020-07-11,21.9,2020-07-11
558,558.0,2020-07-12,22.2,2020-07-12
559,559.0,2020-07-13,21.9,2020-07-13
560,560.0,2020-07-14,22.1,2020-07-14
561,561.0,2020-07-15,23.1,2020-07-15
562,562.0,2020-07-16,23.2,2020-07-16
563,563.0,2020-07-17,22.7,2020-07-17
564,564.0,2020-07-18,21.7,2020-07-18
565,565.0,2020-07-19,22.2,2020-07-19
566,566.0,2020-07-20,22.5,2020-07-20
567,567.0,2020-07-21,22.7,2020-07-21
568,568.0,2020-07-22,21.6,2020-07-22
569,569.0,2020-07-23,23.0,2020-07-23
570,570.0,2020-07-24,23.4,2020-07-24
571,571.0,2020-07-25,23.6,2020-07-25
572,572.0,2020-07-26,23.5,2020-07-26
573,573.0,2020-07-27,23.2,2020-07-27
574,574.0,2020-07-28,23.1,2020-07-28
575,575.0,2020-07-29,22.2,2020-07-29
576,576.0,2020-07-30,22.4,2020-07-30
577,577.0,2020-07-31,22.4,2020-07-31
578,578.0,2020-08-01,21.9,2020-08-01
579,579.0,2020-08-02,22.9,2020-08-02
580,580.0,2020-08-03,23.3,2020-08-03
581,581.0,2020-08-04,23.2,2020-08-04
582,582.0,2020-08-05,23.2,2020-08-05
583,583.0,2020-08-06,22.9,2020-08-06
584,584.0,2020-08-07,22.8,2020-08-07
585,585.0,2020-08-08,22.6,2020-08-08
586,586.0,2020-08-09,22.7,2020-08-09
587,587.0,2020-08-10,22.5,2020-08-10
588,588.0,2020-08-11,22.3,2020-08-11
589,589.0,2020-08-12,22.3,2020-08-12
590,590.0,2020-08-13,21.6,2020-08-13
591,591.0,2020-08-14,21.9,2020-08-14
592,592.0,2020-08-15,22.9,2020-08-15
593,593.0,2020-08-16,22.9,2020-08-16
594,594.0,2020-08-17,22.4,2020-08-17
595,595.0,2020-08-18,21.8,2020-08-18
596,596.0,2020-08-19,22.5,2020-08-19
597,597.0,2020-08-20,22.9,2020-08-20
598,598.0,2020-08-21,23.0,2020-08-21
599,599.0,2020-08-22,22.8,2020-08-22
600,600.0,2020-08-23,22.3,2020-08-23
601,601.0,2020-08-24,22.6,2020-08-24
602,602.0,2020-08-25,23.6,2020-08-25
603,603.0,2020-08-26,24.7,2020-08-26
604,604.0,2020-08-27,23.3,2020-08-27
605,605.0,2020-08-28,22.4,2020-08-28
606,606.0,2020-08-29,22.0,2020-08-29
607,607.0,2020-08-30,21.8,2020-08-30
608,608.0,2020-08-31,21.4,2020-08-31
609,609.0,2020-09-01,21.9,2020-09-01
610,610.0,2020-09-02,22.7,2020-09-02
611,611.0,2020-09-03,22.8,2020-09-03
612,612.0,2020-09-04,22.2,2020-09-04
613,613.0,2020-09-05,22.0,2020-09-05
614,614.0,2020-09-06,22.7,2020-09-06
615,615.0,2020-09-07,23.4,2020-09-07
616,616.0,2020-09-08,24.1,2020-09-08
617,617.0,2020-09-09,22.8,2020-09-09
618,618.0,2020-09-10,23.0,2020-09-10
619,619.0,2020-09-11,23.4,2020-09-11
620,620.0,2020-09-12,24.0,2020-09-12
621,621.0,2020-09-13,23.1,2020-09-13
622,622.0,2020-09-14,22.4,2020-09-14
623,623.0,2020-09-15,23.3,2020-09-15
624,624.0,2020-09-16,23.9,2020-09-16
625,625.0,2020-09-17,22.9,2020-09-17
626,626.0,2020-09-18,23.3,2020-09-18
627,627.0,2020-09-19,22.9,2020-09-19
628,628.0,2020-09-20,22.7,2020-09-20
629,629.0,2020-09-21,23.6,2020-09-21
630,630.0,2020-09-22,23.9,2020-09-22
631,631.0,2020-09-23,24.2,2020-09-23
632,632.0,2020-09-24,23.9,2020-09-24
633,633.0,2020-09-25,24.1,2020-09-25
634,634.0,2020-09-26,24.2,2020-09-26
635,635.0,2020-09-27,23.9,2020-09-27
636,636.0,2020-09-28,23.4,2020-09-28
637,637.0,2020-09-29,23.9,2020-09-29
638,638.0,2020-09-30,24.4,2020-09-30
639,639.0,2020-10-01,24.3,2020-10-01
640,640.0,2020-10-02,24.4,2020-10-02
641,641.0,2020-10-03,24.8,2020-10-03
642,642.0,2020-10-04,24.3,2020-10-04
643,643.0,2020-10-05,24.2,2020-10-05
644,644.0,2020-10-06,24.7,2020-10-06
645,645.0,2020-10-07,24.6,2020-10-07
646,646.0,2020-10-08,24.7,2020-10-08
647,647.0,2020-10-09,24.2,2020-10-09
648,648.0,2020-10-10,24.6,2020-10-10
649,649.0,2020-10-11,24.2,2020-10-11
650,650.0,2020-10-12,24.8,2020-10-12
651,651.0,2020-10-13,25.1,2020-10-13
652,652.0,2020-10-14,25.4,2020-10-14
653,653.0,2020-10-15,25.7,2020-10-15
654,654.0,2020-10-16,25.2,2020-10-16
655,655.0,2020-10-17,25.9,2020-10-17
656,656.0,2020-10-18,25.7,2020-10-18
657,657.0,2020-10-19,25.6,2020-10-19
658,658.0,2020-10-20,25.5,2020-10-20
659,659.0,2020-10-21,25.4,2020-10-21
660,660.0,2020-10-22,26.2,2020-10-22
661,661.0,2020-10-23,26.1,2020-10-23
662,662.0,2020-10-24,25.7,2020-10-24
663,663.0,2020-10-25,25.7,2020-10-25
664,664.0,2020-10-26,25.6,2020-10-26
665,665.0,2020-10-27,25.2,2020-10-27
666,666.0,2020-10-28,25.3,2020-10-28
667,667.0,2020-10-29,25.3,2020-10-29
668,668.0,2020-10-30,26.4,2020-10-30
669,669.0,2020-10-31,26.2,2020-10-31
670,670.0,2020-11-01,26.2,2020-11-01
671,671.0,2020-11-02,27.0,2020-11-02
672,672.0,2020-11-03,27.2,2020-11-03
673,673.0,2020-11-04,26.9,2020-11-04
674,674.0,2020-11-05,26.9,2020-11-05
675,675.0,2020-11-06,27.6,2020-11-06
676,676.0,2020-11-07,26.3,2020-11-07
677,677.0,2020-11-08,26.0,2020-11-08
678,678.0,2020-11-09,25.5,2020-11-09
679,679.0,2020-11-10,26.8,2020-11-10
680,680.0,2020-11-11,27.2,2020-11-11
681,681.0,2020-11-12,27.4,2020-11-12
682,682.0,2020-11-13,26.1,2020-11-13
683,683.0,2020-11-14,26.9,2020-11-14
684,684.0,2020-11-15,26.2,2020-11-15
685,685.0,2020-11-16,26.7,2020-11-16
686,686.0,2020-11-17,26.4,2020-11-17
687,687.0,2020-11-18,26.7,2020-11-18
688,688.0,2020-11-19,25.9,2020-11-19
689,689.0,2020-11-20,26.7,2020-11-20
690,690.0,2020-11-21,27.1,2020-11-21
691,691.0,2020-11-22,27.0,2020-11-22
692,692.0,2020-11-23,27.1,2020-11-23
693,693.0,2020-11-24,26.9,2020-11-24
694,694.0,2020-11-25,26.9,2020-11-25
695,695.0,2020-11-26,26.1,2020-11-26
696,696.0,2020-11-27,26.6,2020-11-27
697,697.0,2020-11-28,26.2,2020-11-28
698,698.0,2020-11-29,26.9,2020-11-29
699,699.0,2020-11-30,27.5,2020-11-30
700,700.0,2020-12-01,27.2,2020-12-01
701,701.0,2020-12-02,26.4,2020-12-02
702,702.0,2020-12-03,25.6,2020-12-03
703,703.0,2020-12-04,26.1,2020-12-04
704,704.0,2020-12-05,27.1,2020-12-05
705,705.0,2020-12-06,27.0,2020-12-06
706,706.0,2020-12-07,26.2,2020-12-07
707,707.0,2020-12-08,26.2,2020-12-08
708,708.0,2020-12-09,26.5,2020-12-09
709,709.0,2020-12-10,26.4,2020-12-10
710,710.0,2020-12-11,25.9,2020-12-11
711,711.0,2020-12-12,25.6,2020-12-12
712,712.0,2020-12-13,25.7,2020-12-13
713,713.0,2020-12-14,25.9,2020-12-14
714,714.0,2020-12-15,25.9,2020-12-15
715,715.0,2020-12-16,25.9,2020-12-16
716,716.0,2020-12-17,25.8,2020-12-17
717,717.0,2020-12-18,25.4,2020-12-18
718,718.0,2020-12-19,25.9,2020-12-19
719,719.0,2020-12-20,26.2,2020-12-20
720,720.0,2020-12-21,26.1,2020-12-21
721,721.0,2020-12-22,26.8,2020-12-22
722,722.0,2020-12-23,27.0,2020-12-23
723,723.0,2020-12-24,26.5,2020-12-24
724,724.0,2020-12-25,26.8,2020-12-25
725,725.0,2020-12-26,26.4,2020-12-26
726,726.0,2020-12-27,26.4,2020-12-27
727,727.0,2020-12-28,26.7,2020-12-28
728,728.0,2020-12-29,26.8,2020-12-29
729,729.0,2020-12-30,27.2,2020-12-30
730,730.0,2020-12-31,26.4,2020-12-31
731,731.0,2021-01-01,27.1,2021-01-01
732,732.0,2021-01-02,26.8,2021-01-02
733,733.0,2021-01-03,27.2,2021-01-03
734,734.0,2021-01-04,27.3,2021-01-04
735,735.0,2021-01-05,27.5,2021-01-05
736,736.0,2021-01-06,27.2,2021-01-06
737,737.0,2021-01-07,27.0,2021-01-07
738,738.0,2021-01-08,26.7,2021-01-08
739,739.0,2021-01-09,26.7,2021-01-09
740,740.0,2021-01-10,26.4,2021-01-10
741,741.0,2021-01-11,26.4,2021-01-11
742,742.0,2021-01-12,26.3,2021-01-12
743,743.0,2021-01-13,26.6,2021-01-13
744,744.0,2021-01-14,26.8,2021-01-14
745,745.0,2021-01-15,26.6,2021-01-15
746,746.0,2021-01-16,27.0,2021-01-16
747,747.0,2021-01-17,27.1,2021-01-17
748,748.0,2021-01-18,26.6,2021-01-18
749,749.0,2021-01-19,26.3,2021-01-19
750,750.0,2021-01-20,27.2,2021-01-20
751,751.0,2021-01-21,27.4,2021-01-21
752,752.0,2021-01-22,27.1,2021-01-22
753,753.0,2021-01-23,26.8,2021-01-23
754,754.0,2021-01-24,27.3,2021-01-24
755,755.0,2021-01-25,27.3,2021-01-25
756,756.0,2021-01-26,27.9,2021-01-26
757,757.0,2021-01-27,28.2,2021-01-27
758,758.0,2021-01-28,27.6,2021-01-28
759,759.0,2021-01-29,28.3,2021-01-29
760,760.0,2021-01-30,28.2,2021-01-30
761,761.0,2021-01-31,28.2,2021-01-31
762,762.0,2021-02-01,28.7,2021-02-01
763,763.0,2021-02-02,27.7,2021-02-02
764,764.0,2021-02-03,28.2,2021-02-03
765,765.0,2021-02-04,28.2,2021-02-04
766,766.0,2021-02-05,27.6,2021-02-05
767,767.0,2021-02-06,27.4,2021-02-06
768,768.0,2021-02-07,27.1,2021-02-07
769,769.0,2021-02-08,28.2,2021-02-08
770,770.0,2021-02-09,27.8,2021-02-09
771,771.0,2021-02-10,27.3,2021-02-10
772,772.0,2021-02-11,28.1,2021-02-11
773,773.0,2021-02-12,28.4,2021-02-12
774,774.0,2021-02-13,29.3,2021-02-13
775,775.0,2021-02-14,27.6,2021-02-14
776,776.0,2021-02-15,27.7,2021-02-15
777,777.0,2021-02-16,27.4,2021-02-16
778,778.0,2021-02-17,27.6,2021-02-17
779,779.0,2021-02-18,28.2,2021-02-18
780,780.0,2021-02-19,27.4,2021-02-19
781,781.0,2021-02-20,27.7,2021-02-20
782,782.0,2021-02-21,27.6,2021-02-21
783,783.0,2021-02-22,26.6,2021-02-22
784,784.0,2021-02-23,27.8,2021-02-23
785,785.0,2021-02-24,27.3,2021-02-24
786,786.0,2021-02-25,26.1,2021-02-25
787,787.0,2021-02-26,26.3,2021-02-26
788,788.0,2021-02-27,27.3,2021-02-27
789,789.0,2021-02-28,27.6,2021-02-28
790,790.0,2021-03-01,28.0,2021-03-01
791,791.0,2021-03-02,27.3,2021-03-02
792,792.0,2021-03-03,28.1,2021-03-03
793,793.0,2021-03-04,28.1,2021-03-04
794,794.0,2021-03-05,27.7,2021-03-05
795,795.0,2021-03-06,26.7,2021-03-06
796,796.0,2021-03-07,27.7,2021-03-07
797,797.0,2021-03-08,28.1,2021-03-08
798,798.0,2021-03-09,28.4,2021-03-09
799,799.0,2021-03-10,28.7,2021-03-10
800,800.0,2021-03-11,28.4,2021-03-11
801,801.0,2021-03-12,27.9,2021-03-12
802,802.0,2021-03-13,27.8,2021-03-13
803,803.0,2021-03-14,28.5,2021-03-14
804,804.0,2021-03-15,27.5,2021-03-15
805,805.0,2021-03-16,25.8,2021-03-16
806,806.0,2021-03-17,26.7,2021-03-17
807,807.0,2021-03-18,28.1,2021-03-18
808,808.0,2021-03-19,28.2,2021-03-19
809,809.0,2021-03-20,27.9,2021-03-20
810,810.0,2021-03-21,26.8,2021-03-21
811,811.0,2021-03-22,26.9,2021-03-22
812,812.0,2021-03-23,27.9,2021-03-23
813,813.0,2021-03-24,26.4,2021-03-24
814,814.0,2021-03-25,26.9,2021-03-25
815,815.0,2021-03-26,26.0,2021-03-26
816,816.0,2021-03-27,27.4,2021-03-27
817,817.0,2021-03-28,27.8,2021-03-28
818,818.0,2021-03-29,27.8,2021-03-29
819,819.0,2021-03-30,27.4,2021-03-30
820,820.0,2021-03-31,27.7,2021-03-31
821,821.0,2021-04-01,27.9,2021-04-01
822,822.0,2021-04-02,28.4,2021-04-02
823,823.0,2021-04-03,26.6,2021-04-03
824,824.0,2021-04-04,26.4,2021-04-04
825,825.0,2021-04-05,27.0,2021-04-05
826,826.0,2021-04-06,26.8,2021-04-06
827,827.0,2021-04-07,25.7,2021-04-07
828,828.0,2021-04-08,26.6,2021-04-08
829,829.0,2021-04-09,27.1,2021-04-09
830,830.0,2021-04-10,27.7,2021-04-10
831,831.0,2021-04-11,27.4,2021-04-11
832,832.0,2021-04-12,29.2,2021-04-12
833,833.0,2021-04-13,27.2,2021-04-13
834,834.0,2021-04-14,27.5,2021-04-14
835,835.0,2021-04-15,28.2,2021-04-15
836,836.0,2021-04-16,27.9,2021-04-16
837,837.0,2021-04-17,28.1,2021-04-17
838,838.0,2021-04-18,28.1,2021-04-18
839,839.0,2021-04-19,25.1,2021-04-19
840,840.0,2021-04-20,26.1,2021-04-20
841,841.0,2021-04-21,26.8,2021-04-21
842,842.0,2021-04-22,27.9,2021-04-22
843,843.0,2021-04-23,26.2,2021-04-23
844,844.0,2021-04-24,26.0,2021-04-24
845,845.0,2021-04-25,27.3,2021-04-25
846,846.0,2021-04-26,27.8,2021-04-26
847,847.0,2021-04-27,27.4,2021-04-27
848,848.0,2021-04-28,27.7,2021-04-28
849,849.0,2021-04-29,27.7,2021-04-29
850,850.0,2021-04-30,26.4,2021-04-30
851,851.0,2021-05-01,27.2,2021-05-01
852,852.0,2021-05-02,27.7,2021-05-02
853,853.0,2021-05-03,24.5,2021-05-03
854,854.0,2021-05-04,26.5,2021-05-04
855,855.0,2021-05-05,25.9,2021-05-05
856,856.0,2021-05-06,26.6,2021-05-06
857,857.0,2021-05-07,26.9,2021-05-07
858,858.0,2021-05-08,26.2,2021-05-08
859,859.0,2021-05-09,26.3,2021-05-09
860,860.0,2021-05-10,26.9,2021-05-10
861,861.0,2021-05-11,27.3,2021-05-11
862,862.0,2021-05-12,27.1,2021-05-12
863,863.0,2021-05-13,26.7,2021-05-13
864,864.0,2021-05-14,26.9,2021-05-14
865,865.0,2021-05-15,26.9,2021-05-15
866,866.0,2021-05-16,27.1,2021-05-16
867,867.0,2021-05-17,26.9,2021-05-17
868,868.0,2021-05-18,27.5,2021-05-18
869,869.0,2021-05-19,27.6,2021-05-19
870,870.0,2021-05-20,27.2,2021-05-20
871,871.0,2021-05-21,27.4,2021-05-21
872,872.0,2021-05-22,26.8,2021-05-22
873,873.0,2021-05-23,27.3,2021-05-23
874,874.0,2021-05-24,27.8,2021-05-24
875,875.0,2021-05-25,28.3,2021-05-25
876,876.0,2021-05-26,25.9,2021-05-26
877,877.0,2021-05-27,26.7,2021-05-27
878,878.0,2021-05-28,26.0,2021-05-28
879,879.0,2021-05-29,25.7,2021-05-29
880,880.0,2021-05-30,26.1,2021-05-30
881,881.0,2021-05-31,25.6,2021-05-31
882,882.0,2021-06-01,25.8,2021-06-01
883,883.0,2021-06-02,25.7,2021-06-02
884,884.0,2021-06-03,26.1,2021-06-03
885,885.0,2021-06-04,26.4,2021-06-04
886,886.0,2021-06-05,26.4,2021-06-05
887,887.0,2021-06-06,26.3,2021-06-06
888,888.0,2021-06-07,26.3,2021-06-07
889,889.0,2021-06-08,25.1,2021-06-08
890,890.0,2021-06-09,25.3,2021-06-09
891,891.0,2021-06-10,24.9,2021-06-10
892,892.0,2021-06-11,25.4,2021-06-11
893,893.0,2021-06-12,26.0,2021-06-12
894,894.0,2021-06-13,26.2,2021-06-13
895,895.0,2021-06-14,25.6,2021-06-14
896,896.0,2021-06-15,24.7,2021-06-15
897,897.0,2021-06-16,24.3,2021-06-16
898,898.0,2021-06-17,24.5,2021-06-17
899,899.0,2021-06-18,24.7,2021-06-18
900,900.0,2021-06-19,25.3,2021-06-19
901,901.0,2021-06-20,24.6,2021-06-20
902,902.0,2021-06-21,24.8,2021-06-21
903,903.0,2021-06-22,24.6,2021-06-22
904,904.0,2021-06-23,24.4,2021-06-23
905,905.0,2021-06-24,24.6,2021-06-24
906,906.0,2021-06-25,24.0,2021-06-25
907,907.0,2021-06-26,24.3,2021-06-26
908,908.0,2021-06-27,24.4,2021-06-27
909,909.0,2021-06-28,24.4,2021-06-28
910,910.0,2021-06-29,24.6,2021-06-29
911,911.0,2021-06-30,24.7,2021-06-30
912,912.0,2021-07-01,23.2,2021-07-01
913,913.0,2021-07-02,23.4,2021-07-02
914,914.0,2021-07-03,22.7,2021-07-03
915,915.0,2021-07-04,23.6,2021-07-04
916,916.0,2021-07-05,23.5,2021-07-05
917,917.0,2021-07-06,23.8,2021-07-06
918,918.0,2021-07-07,23.2,2021-07-07
919,919.0,2021-07-08,23.4,2021-07-08
920,920.0,2021-07-09,23.3,2021-07-09
921,921.0,2021-07-10,23.6,2021-07-10
922,922.0,2021-07-11,22.5,2021-07-11
923,923.0,2021-07-12,23.7,2021-07-12
924,924.0,2021-07-13,23.4,2021-07-13
925,925.0,2021-07-14,22.2,2021-07-14
926,926.0,2021-07-15,23.4,2021-07-15
927,927.0,2021-07-16,24.2,2021-07-16
928,928.0,2021-07-17,23.4,2021-07-17
929,929.0,2021-07-18,23.8,2021-07-18
930,930.0,2021-07-19,23.4,2021-07-19
931,931.0,2021-07-20,23.2,2021-07-20
932,932.0,2021-07-21,23.1,2021-07-21
933,933.0,2021-07-22,22.8,2021-07-22
934,934.0,2021-07-23,23.8,2021-07-23
935,935.0,2021-07-24,22.9,2021-07-24
936,936.0,2021-07-25,23.0,2021-07-25
937,937.0,2021-07-26,22.4,2021-07-26
938,938.0,2021-07-27,23.0,2021-07-27
939,939.0,2021-07-28,23.5,2021-07-28
940,940.0,2021-07-29,23.1,2021-07-29
941,941.0,2021-07-30,22.4,2021-07-30
942,942.0,2021-07-31,22.8,2021-07-31
943,943.0,2021-08-01,23.1,2021-08-01
944,944.0,2021-08-02,23.9,2021-08-02
945,945.0,2021-08-03,23.0,2021-08-03
946,946.0,2021-08-04,23.2,2021-08-04
947,947.0,2021-08-05,22.9,2021-08-05
948,948.0,2021-08-06,23.1,2021-08-06
949,949.0,2021-08-07,23.7,2021-08-07
950,950.0,2021-08-08,23.8,2021-08-08
951,951.0,2021-08-09,23.1,2021-08-09
952,952.0,2021-08-10,23.9,2021-08-10
953,953.0,2021-08-11,23.5,2021-08-11
954,954.0,2021-08-12,23.3,2021-08-12
955,955.0,2021-08-13,23.4,2021-08-13
956,956.0,2021-08-14,23.3,2021-08-14
957,957.0,2021-08-15,22.8,2021-08-15
958,958.0,2021-08-16,23.5,2021-08-16
959,959.0,2021-08-17,23.0,2021-08-17
960,960.0,2021-08-18,22.9,2021-08-18
961,961.0,2021-08-19,22.9,2021-08-19
962,962.0,2021-08-20,22.5,2021-08-20
963,963.0,2021-08-21,22.4,2021-08-21
964,964.0,2021-08-22,23.1,2021-08-22
965,965.0,2021-08-23,23.2,2021-08-23
966,966.0,2021-08-24,22.9,2021-08-24
967,967.0,2021-08-25,22.6,2021-08-25
968,968.0,2021-08-26,22.2,2021-08-26
969,969.0,2021-08-27,22.4,2021-08-27
970,970.0,2021-08-28,22.6,2021-08-28
971,971.0,2021-08-29,22.7,2021-08-29
972,972.0,2021-08-30,22.7,2021-08-30
973,973.0,2021-08-31,23.4,2021-08-31
974,974.0,2021-09-01,22.9,2021-09-01
975,975.0,2021-09-02,22.4,2021-09-02
976,976.0,2021-09-03,22.7,2021-09-03
977,977.0,2021-09-04,23.1,2021-09-04
978,978.0,2021-09-05,23.3,2021-09-05
979,979.0,2021-09-06,23.2,2021-09-06
980,980.0,2021-09-07,23.6,2021-09-07
981,981.0,2021-09-08,23.5,2021-09-08
982,982.0,2021-09-09,23.6,2021-09-09
983,983.0,2021-09-10,23.6,2021-09-10
984,984.0,2021-09-11,23.8,2021-09-11
985,985.0,2021-09-12,23.9,2021-09-12
986,986.0,2021-09-13,23.4,2021-09-13
987,987.0,2021-09-14,23.9,2021-09-14
988,988.0,2021-09-15,23.8,2021-09-15
989,989.0,2021-09-16,23.9,2021-09-16
990,990.0,2021-09-17,22.0,2021-09-17
991,991.0,2021-09-18,22.6,2021-09-18
992,992.0,2021-09-19,22.8,2021-09-19
993,993.0,2021-09-20,23.2,2021-09-20
994,994.0,2021-09-21,23.9,2021-09-21
995,995.0,2021-09-22,22.9,2021-09-22
996,996.0,2021-09-23,23.1,2021-09-23
997,997.0,2021-09-24,25.1,2021-09-24
998,998.0,2021-09-25,24.1,2021-09-25
999,999.0,2021-09-26,24.6,2021-09-26
1000,1000.0,2021-09-27,25.1,2021-09-27
1001,1001.0,2021-09-28,24.2,2021-09-28
1002,1002.0,2021-09-29,24.8,2021-09-29
1003,1003.0,2021-09-30,24.0,2021-09-30
1004,1004.0,2021-10-01,24.3,2021-10-01
1005,1005.0,2021-10-02,24.4,2021-10-02
1006,1006.0,2021-10-03,23.8,2021-10-03
1007,1007.0,2021-10-04,23.4,2021-10-04
1008,1008.0,2021-10-05,23.8,2021-10-05
1009,1009.0,2021-10-06,24.4,2021-10-06
1010,1010.0,2021-10-07,24.4,2021-10-07
1011,1011.0,2021-10-08,25.4,2021-10-08
1012,1012.0,2021-10-09,25.2,2021-10-09
1013,1013.0,2021-10-10,24.2,2021-10-10
1014,1014.0,2021-10-11,24.8,2021-10-11
1015,1015.0,2021-10-12,25.1,2021-10-12
1016,1016.0,2021-10-13,26.6,2021-10-13
1017,1017.0,2021-10-14,25.2,2021-10-14
1018,1018.0,2021-10-15,25.7,2021-10-15
1019,1019.0,2021-10-16,24.9,2021-10-16
1020,1020.0,2021-10-17,24.4,2021-10-17
1021,1021.0,2021-10-18,24.4,2021-10-18
1022,1022.0,2021-10-19,25.1,2021-10-19
1023,1023.0,2021-10-20,25.4,2021-10-20
1024,1024.0,2021-10-21,26.0,2021-10-21
1025,1025.0,2021-10-22,25.9,2021-10-22
1026,1026.0,2021-10-23,26.4,2021-10-23
1027,1027.0,2021-10-24,25.1,2021-10-24
1028,1028.0,2021-10-25,24.2,2021-10-25
1029,1029.0,2021-10-26,24.9,2021-10-26
1030,1030.0,2021-10-27,25.1,2021-10-27
1031,1031.0,2021-10-28,25.2,2021-10-28
1032,1032.0,2021-10-29,25.6,2021-10-29
1033,1033.0,2021-10-30,26.1,2021-10-30
1034,1034.0,2021-10-31,25.6,2021-10-31
1035,1035.0,2021-11-01,25.5,2021-11-01
1036,1036.0,2021-11-02,25.2,2021-11-02
1037,1037.0,2021-11-03,25.9,2021-11-03
1038,1038.0,2021-11-04,25.6,2021-11-04
1039,1039.0,2021-11-05,26.5,2021-11-05
1040,1040.0,2021-11-06,25.4,2021-11-06
1041,1041.0,2021-11-07,26.2,2021-11-07
1042,1042.0,2021-11-08,26.4,2021-11-08
1043,1043.0,2021-11-09,26.0,2021-11-09
1044,1044.0,2021-11-10,26.7,2021-11-10
1045,1045.0,2021-11-11,26.1,2021-11-11
1046,1046.0,2021-11-12,27.0,2021-11-12
1047,1047.0,2021-11-13,26.2,2021-11-13
1048,1048.0,2021-11-14,26.6,2021-11-14
1049,1049.0,2021-11-15,26.8,2021-11-15
1050,1050.0,2021-11-16,26.5,2021-11-16
1051,1051.0,2021-11-17,25.2,2021-11-17
1052,1052.0,2021-11-18,26.6,2021-11-18
1053,1053.0,2021-11-19,27.5,2021-11-19
1054,1054.0,2021-11-20,27.1,2021-11-20
1055,1055.0,2021-11-21,27.1,2021-11-21
1056,1056.0,2021-11-22,27.2,2021-11-22
1057,1057.0,2021-11-23,27.2,2021-11-23
1058,1058.0,2021-11-24,26.7,2021-11-24
1059,1059.0,2021-11-25,27.4,2021-11-25
1060,1060.0,2021-11-26,28.1,2021-11-26
1061,1061.0,2021-11-27,26.6,2021-11-27
1062,1062.0,2021-11-28,26.5,2021-11-28
1063,1063.0,2021-11-29,27.2,2021-11-29
1064,1064.0,2021-11-30,27.5,2021-11-30
1065,1065.0,2021-12-01,26.2,2021-12-01
1066,1066.0,2021-12-02,26.5,2021-12-02
1067,1067.0,2021-12-03,26.4,2021-12-03
1068,1068.0,2021-12-04,25.8,2021-12-04
1069,1069.0,2021-12-05,27.4,2021-12-05
1070,1070.0,2021-12-06,25.6,2021-12-06
1071,1071.0,2021-12-07,26.4,2021-12-07
1072,1072.0,2021-12-08,27.4,2021-12-08
1073,1073.0,2021-12-09,26.9,2021-12-09
1074,1074.0,2021-12-10,26.9,2021-12-10
1075,1075.0,2021-12-11,28.1,2021-12-11
1076,1076.0,2021-12-12,27.7,2021-12-12
1077,1077.0,2021-12-13,26.6,2021-12-13
1078,1078.0,2021-12-14,26.2,2021-12-14
1079,1079.0,2021-12-15,27.0,2021-12-15
1080,1080.0,2021-12-16,27.2,2021-12-16
1081,1081.0,2021-12-17,24.7,2021-12-17
1082,1082.0,2021-12-18,25.8,2021-12-18
1083,1083.0,2021-12-19,25.9,2021-12-19
1084,1084.0,2021-12-20,26.4,2021-12-20
1085,1085.0,2021-12-21,26.0,2021-12-21
1086,1086.0,2021-12-22,26.4,2021-12-22
1087,1087.0,2021-12-23,26.8,2021-12-23
1088,1088.0,2021-12-24,26.4,2021-12-24
1089,1089.0,2021-12-25,26.6,2021-12-25
1090,1090.0,2021-12-26,25.9,2021-12-26
1091,1091.0,2021-12-27,25.9,2021-12-27
1092,1092.0,2021-12-28,24.1,2021-12-28
1093,1093.0,2021-12-29,25.4,2021-12-29
1094,1094.0,2021-12-30,25.1,2021-12-30
1095,1095.0,2021-12-31,25.1,2021-12-31
1096,1096.0,2022-01-01,26.1,2022-01-01
1097,1097.0,2022-01-02,25.8,2022-01-02
1098,1098.0,2022-01-03,26.3,2022-01-03
1099,1099.0,2022-01-04,25.8,2022-01-04
1100,1100.0,2022-01-05,25.8,2022-01-05
1101,1101.0,2022-01-06,26.8,2022-01-06
1102,1102.0,2022-01-07,26.0,2022-01-07
1103,1103.0,2022-01-08,26.1,2022-01-08
1104,1104.0,2022-01-09,26.0,2022-01-09
1105,1105.0,2022-01-10,24.9,2022-01-10
1106,1106.0,2022-01-11,25.8,2022-01-11
1107,1107.0,2022-01-12,25.7,2022-01-12
1108,1108.0,2022-01-13,25.8,2022-01-13
1109,1109.0,2022-01-14,25.6,2022-01-14
1110,1110.0,2022-01-15,25.9,2022-01-15
1111,1111.0,2022-01-16,25.1,2022-01-16
1112,1112.0,2022-01-17,25.8,2022-01-17
1113,1113.0,2022-01-18,25.9,2022-01-18
1114,1114.0,2022-01-19,25.8,2022-01-19
1115,1115.0,2022-01-20,25.8,2022-01-20
1116,1116.0,2022-01-21,25.5,2022-01-21
1117,1117.0,2022-01-22,26.5,2022-01-22
1118,1118.0,2022-01-23,25.9,2022-01-23
1119,1119.0,2022-01-24,25.4,2022-01-24
1120,1120.0,2022-01-25,25.2,2022-01-25
1121,1121.0,2022-01-26,25.6,2022-01-26
1122,1122.0,2022-01-27,26.5,2022-01-27
1123,1123.0,2022-01-28,27.0,2022-01-28
1124,1124.0,2022-01-29,27.3,2022-01-29
1125,1125.0,2022-01-30,27.5,2022-01-30
1126,1126.0,2022-01-31,27.3,2022-01-31
1127,1127.0,2022-02-01,26.9,2022-02-01
1128,1128.0,2022-02-02,25.9,2022-02-02
1129,1129.0,2022-02-03,25.3,2022-02-03
1130,1130.0,2022-02-04,25.8,2022-02-04
1131,1131.0,2022-02-05,26.6,2022-02-05
1132,1132.0,2022-02-06,25.9,2022-02-06
1133,1133.0,2022-02-07,25.6,2022-02-07
1134,1134.0,2022-02-08,25.6,2022-02-08
1135,1135.0,2022-02-09,25.2,2022-02-09
1136,1136.0,2022-02-10,27.5,2022-02-10
1137,1137.0,2022-02-11,26.5,2022-02-11
1138,1138.0,2022-02-12,26.6,2022-02-12
1139,1139.0,2022-02-13,26.6,2022-02-13
1140,1140.0,2022-02-14,26.5,2022-02-14
1141,1141.0,2022-02-15,27.7,2022-02-15
1142,1142.0,2022-02-16,27.6,2022-02-16
1143,1143.0,2022-02-17,27.4,2022-02-17
1144,1144.0,2022-02-18,27.5,2022-02-18
1145,1145.0,2022-02-19,26.7,2022-02-19
1146,1146.0,2022-02-20,28.0,2022-02-20
1147,1147.0,2022-02-21,28.1,2022-02-21
1148,1148.0,2022-02-22,27.2,2022-02-22
1149,1149.0,2022-02-23,27.7,2022-02-23
1150,1150.0,2022-02-24,28.2,2022-02-24
1151,1151.0,2022-02-25,28.8,2022-02-25
1152,1152.0,2022-02-26,28.7,2022-02-26
1153,1153.0,2022-02-27,29.5,2022-02-27
1154,1154.0,2022-02-28,29.1,2022-02-28
1155,1155.0,2022-03-01,27.2,2022-03-01
1156,1156.0,2022-03-02,27.6,2022-03-02
1157,1157.0,2022-03-03,28.3,2022-03-03
1158,1158.0,2022-03-04,28.3,2022-03-04
1159,1159.0,2022-03-05,27.8,2022-03-05
1160,1160.0,2022-03-06,27.6,2022-03-06
1161,1161.0,2022-03-07,27.7,2022-03-07
1162,1162.0,2022-03-08,28.2,2022-03-08
1163,1163.0,2022-03-09,28.2,2022-03-09
1164,1164.0,2022-03-10,28.8,2022-03-10
1165,1165.0,2022-03-11,28.0,2022-03-11
1166,1166.0,2022-03-12,27.7,2022-03-12
1167,1167.0,2022-03-13,28.0,2022-03-13
1168,1168.0,2022-03-14,29.7,2022-03-14
1169,1169.0,2022-03-15,27.8,2022-03-15
1170,1170.0,2022-03-16,27.7,2022-03-16
1171,1171.0,2022-03-17,27.4,2022-03-17
1172,1172.0,2022-03-18,27.3,2022-03-18
1173,1173.0,2022-03-19,27.1,2022-03-19
1174,1174.0,2022-03-20,27.6,2022-03-20
1175,1175.0,2022-03-21,28.2,2022-03-21
1176,1176.0,2022-03-22,27.9,2022-03-22
1177,1177.0,2022-03-23,27.5,2022-03-23
1178,1178.0,2022-03-24,28.2,2022-03-24
1179,1179.0,2022-03-25,28.1,2022-03-25
1180,1180.0,2022-03-26,26.6,2022-03-26
1181,1181.0,2022-03-27,28.3,2022-03-27
1182,1182.0,2022-03-28,27.9,2022-03-28
1183,1183.0,2022-03-29,26.4,2022-03-29
1184,1184.0,2022-03-30,26.6,2022-03-30
1185,1185.0,2022-03-31,27.7,2022-03-31
1186,1186.0,2022-04-01,27.8,2022-04-01
1187,1187.0,2022-04-02,27.0,2022-04-02
1188,1188.0,2022-04-03,26.8,2022-04-03
1189,1189.0,2022-04-04,26.3,2022-04-04
1190,1190.0,2022-04-05,26.7,2022-04-05
1191,1191.0,2022-04-06,26.9,2022-04-06
1192,1192.0,2022-04-07,26.6,2022-04-07
1193,1193.0,2022-04-08,27.3,2022-04-08
1194,1194.0,2022-04-09,26.9,2022-04-09
1195,1195.0,2022-04-10,26.6,2022-04-10
1196,1196.0,2022-04-11,27.5,2022-04-11
1197,1197.0,2022-04-12,26.5,2022-04-12
1198,1198.0,2022-04-13,26.5,2022-04-13
1199,1199.0,2022-04-14,26.2,2022-04-14
1200,1200.0,2022-04-15,26.6,2022-04-15
1201,1201.0,2022-04-16,26.1,2022-04-16
1202,1202.0,2022-04-17,27.2,2022-04-17
1203,1203.0,2022-04-18,26.8,2022-04-18
1204,1204.0,2022-04-19,27.3,2022-04-19
1205,1205.0,2022-04-20,25.9,2022-04-20
1206,1206.0,2022-04-21,26.0,2022-04-21
1207,1207.0,2022-04-22,27.2,2022-04-22
1208,1208.0,2022-04-23,27.4,2022-04-23
1209,1209.0,2022-04-24,26.6,2022-04-24
1210,1210.0,2022-04-25,26.4,2022-04-25
1211,1211.0,2022-04-26,25.6,2022-04-26
1212,1212.0,2022-04-27,26.7,2022-04-27
1213,1213.0,2022-04-28,26.6,2022-04-28
1214,1214.0,2022-04-29,26.9,2022-04-29
1215,1215.0,2022-04-30,26.7,2022-04-30
1216,1216.0,2022-05-01,27.3,2022-05-01
1217,1217.0,2022-05-02,26.4,2022-05-02
1218,1218.0,2022-05-03,26.7,2022-05-03
1219,1219.0,2022-05-04,26.6,2022-05-04
1220,1220.0,2022-05-05,27.1,2022-05-05
1221,1221.0,2022-05-06,26.6,2022-05-06
1222,1222.0,2022-05-07,26.3,2022-05-07
1223,1223.0,2022-05-08,27.3,2022-05-08
1224,1224.0,2022-05-09,26.5,2022-05-09
1225,1225.0,2022-05-10,26.4,2022-05-10
1226,1226.0,2022-05-11,26.3,2022-05-11
1227,1227.0,2022-05-12,25.9,2022-05-12
1228,1228.0,2022-05-13,26.7,2022-05-13
1229,1229.0,2022-05-14,26.2,2022-05-14
1230,1230.0,2022-05-15,26.1,2022-05-15
1231,1231.0,2022-05-16,26.3,2022-05-16
1232,1232.0,2022-05-17,27.3,2022-05-17
1233,1233.0,2022-05-18,26.9,2022-05-18
1234,1234.0,2022-05-19,26.1,2022-05-19
1235,1235.0,2022-05-20,23.8,2022-05-20
1236,1236.0,2022-05-21,23.9,2022-05-21
1237,1237.0,2022-05-22,23.7,2022-05-22
1238,1238.0,2022-05-23,23.4,2022-05-23
1239,1239.0,2022-05-24,24.5,2022-05-24
1240,1240.0,2022-05-25,23.5,2022-05-25
1241,1241.0,2022-05-26,23.9,2022-05-26
1242,1242.0,2022-05-27,23.1,2022-05-27
1243,1243.0,2022-05-28,24.1,2022-05-28
1244,1244.0,2022-05-29,24.1,2022-05-29
1245,1245.0,2022-05-30,23.2,2022-05-30
1246,1246.0,2022-05-31,23.9,2022-05-31
1247,1247.0,2022-06-01,24.3,2022-06-01
1248,1248.0,2022-06-02,24.9,2022-06-02
1249,1249.0,2022-06-03,24.6,2022-06-03
1250,1250.0,2022-06-04,23.3,2022-06-04
1251,1251.0,2022-06-05,23.1,2022-06-05
1252,1252.0,2022-06-06,23.6,2022-06-06
1253,1253.0,2022-06-07,24.3,2022-06-07
1254,1254.0,2022-06-08,24.0,2022-06-08
1255,1255.0,2022-06-09,24.1,2022-06-09
1256,1256.0,2022-06-10,23.8,2022-06-10
1257,1257.0,2022-06-11,23.9,2022-06-11
1258,1258.0,2022-06-12,24.5,2022-06-12
1259,1259.0,2022-06-13,23.4,2022-06-13
1260,1260.0,2022-06-14,23.8,2022-06-14
1261,1261.0,2022-06-15,22.9,2022-06-15
1262,1262.0,2022-06-16,22.4,2022-06-16
1263,1263.0,2022-06-17,23.2,2022-06-17
1264,1264.0,2022-06-18,23.1,2022-06-18
1265,1265.0,2022-06-19,22.3,2022-06-19
1266,1266.0,2022-06-20,23.0,2022-06-20
1267,1267.0,2022-06-21,21.1,2022-06-21
1268,1268.0,2022-06-22,21.2,2022-06-22
1269,1269.0,2022-06-23,22.2,2022-06-23
1270,1270.0,2022-06-24,22.1,2022-06-24
1271,1271.0,2022-06-25,22.4,2022-06-25
1272,1272.0,2022-06-26,21.9,2022-06-26
1273,1273.0,2022-06-27,21.7,2022-06-27
1274,1274.0,2022-06-28,23.4,2022-06-28
1275,1275.0,2022-06-29,23.1,2022-06-29
1276,1276.0,2022-06-30,22.9,2022-06-30
1277,1277.0,2022-07-01,22.6,2022-07-01
1278,1278.0,2022-07-02,21.1,2022-07-02
1279,1279.0,2022-07-03,23.0,2022-07-03
1280,1280.0,2022-07-04,23.3,2022-07-04
1281,1281.0,2022-07-05,22.1,2022-07-05
1282,1282.0,2022-07-06,21.5,2022-07-06
1283,1283.0,2022-07-07,22.3,2022-07-07
1284,1284.0,2022-07-08,22.9,2022-07-08
1285,1285.0,2022-07-09,22.3,2022-07-09
1286,1286.0,2022-07-10,21.8,2022-07-10
1287,1287.0,2022-07-11,21.6,2022-07-11
1288,1288.0,2022-07-12,20.8,2022-07-12
1289,1289.0,2022-07-13,22.2,2022-07-13
1290,1290.0,2022-07-14,21.6,2022-07-14
1291,1291.0,2022-07-15,21.9,2022-07-15
1292,1292.0,2022-07-16,21.3,2022-07-16
1293,1293.0,2022-07-17,21.1,2022-07-17
1294,1294.0,2022-07-18,22.1,2022-07-18
1295,1295.0,2022-07-19,22.4,2022-07-19
1296,1296.0,2022-07-20,20.9,2022-07-20
1297,1297.0,2022-07-21,19.7,2022-07-21
1298,1298.0,2022-07-22,21.4,2022-07-22
1299,1299.0,2022-07-23,20.4,2022-07-23
1300,1300.0,2022-07-24,21.4,2022-07-24
1301,1301.0,2022-07-25,21.9,2022-07-25
1302,1302.0,2022-07-26,22.0,2022-07-26
1303,1303.0,2022-07-27,22.4,2022-07-27
1304,1304.0,2022-07-28,21.9,2022-07-28
1305,1305.0,2022-07-29,21.0,2022-07-29
1306,1306.0,2022-07-30,22.4,2022-07-30
1307,1307.0,2022-07-31,21.8,2022-07-31
1308,1308.0,2022-08-01,20.9,2022-08-01
1309,1309.0,2022-08-02,19.8,2022-08-02
1310,1310.0,2022-08-03,20.4,2022-08-03
1311,1311.0,2022-08-04,20.4,2022-08-04
1312,1312.0,2022-08-05,20.6,2022-08-05
1313,1313.0,2022-08-06,20.1,2022-08-06
1314,1314.0,2022-08-07,20.3,2022-08-07
1315,1315.0,2022-08-08,20.7,2022-08-08
1316,1316.0,2022-08-09,21.6,2022-08-09
1317,1317.0,2022-08-10,20.6,2022-08-10
1318,1318.0,2022-08-11,20.6,2022-08-11
1319,1319.0,2022-08-12,21.8,2022-08-12
1320,1320.0,2022-08-13,21.0,2022-08-13
1321,1321.0,2022-08-14,21.7,2022-08-14
1322,1322.0,2022-08-15,20.8,2022-08-15
1323,1323.0,2022-08-16,20.8,2022-08-16
1324,1324.0,2022-08-17,22.0,2022-08-17
1325,1325.0,2022-08-18,22.1,2022-08-18
1326,1326.0,2022-08-19,20.8,2022-08-19
1327,1327.0,2022-08-20,20.8,2022-08-20
1328,1328.0,2022-08-21,22.7,2022-08-21
1329,1329.0,2022-08-22,23.4,2022-08-22
1330,1330.0,2022-08-23,22.4,2022-08-23
1331,1331.0,2022-08-24,22.1,2022-08-24
1332,1332.0,2022-08-25,21.4,2022-08-25
1333,1333.0,2022-08-26,21.8,2022-08-26
1334,1334.0,2022-08-27,22.2,2022-08-27
1335,1335.0,2022-08-28,22.1,2022-08-28
1336,1336.0,2022-08-29,22.9,2022-08-29
1337,1337.0,2022-08-30,22.1,2022-08-30
1338,1338.0,2022-08-31,22.9,2022-08-31
1339,1339.0,2022-09-01,22.3,2022-09-01
1340,1340.0,2022-09-02,22.8,2022-09-02
1341,1341.0,2022-09-03,23.4,2022-09-03
1342,1342.0,2022-09-04,22.7,2022-09-04
1343,1343.0,2022-09-05,22.3,2022-09-05
1344,1344.0,2022-09-06,23.1,2022-09-06
1345,1345.0,2022-09-07,22.6,2022-09-07
1346,1346.0,2022-09-08,23.1,2022-09-08
1347,1347.0,2022-09-09,22.8,2022-09-09
1348,1348.0,2022-09-10,24.5,2022-09-10
1349,1349.0,2022-09-11,23.9,2022-09-11
1350,1350.0,2022-09-12,23.2,2022-09-12
1351,1351.0,2022-09-13,23.2,2022-09-13
1352,1352.0,2022-09-14,23.9,2022-09-14
1353,1353.0,2022-09-15,24.1,2022-09-15
1354,1354.0,2022-09-16,23.7,2022-09-16
1355,1355.0,2022-09-17,22.9,2022-09-17
1356,1356.0,2022-09-18,22.6,2022-09-18
1357,1357.0,2022-09-19,22.6,2022-09-19
1358,1358.0,2022-09-20,22.8,2022-09-20
1359,1359.0,2022-09-21,22.3,2022-09-21
1360,1360.0,2022-09-22,23.4,2022-09-22
1361,1361.0,2022-09-23,23.2,2022-09-23
1362,1362.0,2022-09-24,23.6,2022-09-24
1363,1363.0,2022-09-25,24.3,2022-09-25
1364,1364.0,2022-09-26,24.3,2022-09-26
1365,1365.0,2022-09-27,24.3,2022-09-27
1366,1366.0,2022-09-28,23.6,2022-09-28
1367,1367.0,2022-09-29,24.2,2022-09-29
1368,1368.0,2022-09-30,24.8,2022-09-30
1369,1369.0,2022-10-01,24.9,2022-10-01
1370,1370.0,2022-10-02,24.3,2022-10-02
1371,1371.0,2022-10-03,24.4,2022-10-03
1372,1372.0,2022-10-04,23.9,2022-10-04
1373,1373.0,2022-10-05,24.2,2022-10-05
1374,1374.0,2022-10-06,24.3,2022-10-06
1375,1375.0,2022-10-07,24.9,2022-10-07
1376,1376.0,2022-10-08,25.2,2022-10-08
1377,1377.0,2022-10-09,25.6,2022-10-09
1378,1378.0,2022-10-10,26.1,2022-10-10
1379,1379.0,2022-10-11,25.2,2022-10-11
1380,1380.0,2022-10-12,25.2,2022-10-12
1381,1381.0,2022-10-13,25.6,2022-10-13
1382,1382.0,2022-10-14,26.0,2022-10-14
1383,1383.0,2022-10-15,25.8,2022-10-15
1384,1384.0,2022-10-16,25.4,2022-10-16
1385,1385.0,2022-10-17,26.1,2022-10-17
1386,1386.0,2022-10-18,25.4,2022-10-18
1387,1387.0,2022-10-19,25.6,2022-10-19
1388,1388.0,2022-10-20,25.1,2022-10-20
1389,1389.0,2022-10-21,26.1,2022-10-21
1390,1390.0,2022-10-22,25.8,2022-10-22
1391,1391.0,2022-10-23,25.9,2022-10-23
1392,1392.0,2022-10-24,26.3,2022-10-24
1393,1393.0,2022-10-25,26.1,2022-10-25
1394,1394.0,2022-10-26,26.3,2022-10-26
1395,1395.0,2022-10-27,26.3,2022-10-27
1396,1396.0,2022-10-28,26.1,2022-10-28
1397,1397.0,2022-10-29,26.0,2022-10-29
1398,1398.0,2022-10-30,25.8,2022-10-30
1399,1399.0,2022-10-31,27.7,2022-10-31
1400,1400.0,2022-11-01,27.4,2022-11-01
1401,1401.0,2022-11-02,27.1,2022-11-02
1402,1402.0,2022-11-03,27.1,2022-11-03
1403,1403.0,2022-11-04,26.7,2022-11-04
1404,1404.0,2022-11-05,26.1,2022-11-05
1405,1405.0,2022-11-06,26.5,2022-11-06
1406,1406.0,2022-11-07,27.3,2022-11-07
1407,1407.0,2022-11-08,27.3,2022-11-08
1408,1408.0,2022-11-09,26.7,2022-11-09
1409,1409.0,2022-11-10,25.9,2022-11-10
1410,1410.0,2022-11-11,26.6,2022-11-11
1411,1411.0,2022-11-12,25.8,2022-11-12
1412,1412.0,2022-11-13,25.3,2022-11-13
1413,1413.0,2022-11-14,24.8,2022-11-14
1414,1414.0,2022-11-15,24.6,2022-11-15
1415,1415.0,2022-11-16,25.8,2022-11-16
1416,1416.0,2022-11-17,25.8,2022-11-17
1417,1417.0,2022-11-18,26.6,2022-11-18
1418,1418.0,2022-11-19,26.0,2022-11-19
1419,1419.0,2022-11-20,26.4,2022-11-20
1420,1420.0,2022-11-21,26.3,2022-11-21
1421,1421.0,2022-11-22,26.5,2022-11-22
1422,1422.0,2022-11-23,26.8,2022-11-23
1423,1423.0,2022-11-24,26.8,2022-11-24
1424,1424.0,2022-11-25,27.3,2022-11-25
1425,1425.0,2022-11-26,25.0,2022-11-26
1426,1426.0,2022-11-27,25.2,2022-11-27
1427,1427.0,2022-11-28,25.7,2022-11-28
1428,1428.0,2022-11-29,26.8,2022-11-29
1429,1429.0,2022-11-30,24.8,2022-11-30
1430,1430.0,2022-12-01,26.9,2022-12-01
1431,1431.0,2022-12-02,26.8,2022-12-02
1432,1432.0,2022-12-03,27.0,2022-12-03
1433,1433.0,2022-12-04,27.1,2022-12-04
1434,1434.0,2022-12-05,27.9,2022-12-05
1435,1435.0,2022-12-06,27.1,2022-12-06
1436,1436.0,2022-12-07,27.3,2022-12-07
1437,1437.0,2022-12-08,26.7,2022-12-08
1438,1438.0,2022-12-09,27.3,2022-12-09
1439,1439.0,2022-12-10,27.6,2022-12-10
1440,1440.0,2022-12-11,27.3,2022-12-11
1441,1441.0,2022-12-12,27.0,2022-12-12
1442,1442.0,2022-12-13,26.9,2022-12-13
1443,1443.0,2022-12-14,26.1,2022-12-14
1444,1444.0,2022-12-15,26.7,2022-12-15
1445,1445.0,2022-12-16,27.1,2022-12-16
1446,1446.0,2022-12-17,26.5,2022-12-17
1447,1447.0,2022-12-18,26.3,2022-12-18
1448,1448.0,2022-12-19,26.7,2022-12-19
1449,1449.0,2022-12-20,26.8,2022-12-20
1450,1450.0,2022-12-21,26.6,2022-12-21
1451,1451.0,2022-12-22,26.6,2022-12-22
1452,1452.0,2022-12-23,25.7,2022-12-23
1453,1453.0,2022-12-24,26.5,2022-12-24
1454,1454.0,2022-12-25,27.0,2022-12-25
1455,1455.0,2022-12-26,26.6,2022-12-26
1456,1456.0,2022-12-27,27.6,2022-12-27
1457,1457.0,2022-12-28,26.6,2022-12-28
1458,1458.0,2022-12-29,26.9,2022-12-29
1459,1459.0,2022-12-30,27.6,2022-12-30
1460,1460.0,2022-12-31,27.1,2022-12-31
1461,1461.0,2023-01-01,28.1,2023-01-01
1462,1462.0,2023-01-02,27.0,2023-01-02
1463,1463.0,2023-01-03,28.3,2023-01-03
1464,1464.0,2023-01-04,27.6,2023-01-04
1465,1465.0,2023-01-05,26.8,2023-01-05
1466,1466.0,2023-01-06,27.7,2023-01-06
1467,1467.0,2023-01-07,26.6,2023-01-07
1468,1468.0,2023-01-08,26.1,2023-01-08
1469,1469.0,2023-01-09,25.8,2023-01-09
1470,1470.0,2023-01-10,27.1,2023-01-10
1471,1471.0,2023-01-11,27.1,2023-01-11
1472,1472.0,2023-01-12,25.7,2023-01-12
1473,1473.0,2023-01-13,25.6,2023-01-13
1474,1474.0,2023-01-14,26.6,2023-01-14
1475,1475.0,2023-01-15,26.7,2023-01-15
1476,1476.0,2023-01-16,27.4,2023-01-16
1477,1477.0,2023-01-17,27.8,2023-01-17
1478,1478.0,2023-01-18,28.0,2023-01-18
1479,1479.0,2023-01-19,27.5,2023-01-19
1480,1480.0,2023-01-20,25.7,2023-01-20
1481,1481.0,2023-01-21,27.3,2023-01-21
1482,1482.0,2023-01-22,27.1,2023-01-22
1483,1483.0,2023-01-23,27.6,2023-01-23
1484,1484.0,2023-01-24,28.0,2023-01-24
1485,1485.0,2023-01-25,27.8,2023-01-25
1486,1486.0,2023-01-26,28.7,2023-01-26
1487,1487.0,2023-01-27,26.7,2023-01-27
1488,1488.0,2023-01-28,26.7,2023-01-28
1489,1489.0,2023-01-29,27.7,2023-01-29
1490,1490.0,2023-01-30,27.9,2023-01-30
1491,1491.0,2023-01-31,27.8,2023-01-31
1492,1492.0,2023-02-01,27.6,2023-02-01
1493,1493.0,2023-02-02,27.1,2023-02-02
1494,1494.0,2023-02-03,28.5,2023-02-03
1495,1495.0,2023-02-04,28.6,2023-02-04
1496,1496.0,2023-02-05,27.1,2023-02-05
1497,1497.0,2023-02-06,27.8,2023-02-06
1498,1498.0,2023-02-07,27.5,2023-02-07
1499,1499.0,2023-02-08,27.9,2023-02-08
1500,1500.0,2023-02-09,27.5,2023-02-09
1501,1501.0,2023-02-10,27.4,2023-02-10
1502,1502.0,2023-02-11,27.4,2023-02-11
1503,1503.0,2023-02-12,28.3,2023-02-12
1504,1504.0,2023-02-13,28.2,2023-02-13
1505,1505.0,2023-02-14,27.4,2023-02-14
1506,1506.0,2023-02-15,27.4,2023-02-15
1507,1507.0,2023-02-16,27.9,2023-02-16
1508,1508.0,2023-02-17,27.9,2023-02-17
1509,1509.0,2023-02-18,28.1,2023-02-18
1510,1510.0,2023-02-19,28.2,2023-02-19
1511,1511.0,2023-02-20,27.4,2023-02-20
1512,1512.0,2023-02-21,26.9,2023-02-21
1513,1513.0,2023-02-22,27.4,2023-02-22
1514,1514.0,2023-02-23,27.9,2023-02-23
1515,1515.0,2023-02-24,27.9,2023-02-24
1516,1516.0,2023-02-25,27.4,2023-02-25
1517,1517.0,2023-02-26,28.5,2023-02-26
1518,1518.0,2023-02-27,28.4,2023-02-27
1519,1519.0,2023-02-28,28.3,2023-02-28
1520,1520.0,2023-03-01,27.2,2023-03-01
1521,1521.0,2023-03-02,27.4,2023-03-02
1522,1522.0,2023-03-03,28.7,2023-03-03
1523,1523.0,2023-03-04,27.8,2023-03-04
1524,1524.0,2023-03-05,27.4,2023-03-05
1525,1525.0,2023-03-06,27.7,2023-03-06
1526,1526.0,2023-03-07,27.5,2023-03-07
1527,1527.0,2023-03-08,27.6,2023-03-08
1528,1528.0,2023-03-09,27.6,2023-03-09
1529,1529.0,2023-03-10,26.2,2023-03-10
1530,1530.0,2023-03-11,26.0,2023-03-11
1531,1531.0,2023-03-12,28.8,2023-03-12
1532,1532.0,2023-03-13,27.5,2023-03-13
1533,1533.0,2023-03-14,28.4,2023-03-14
1534,1534.0,2023-03-15,27.9,2023-03-15
1535,1535.0,2023-03-16,27.6,2023-03-16
1536,1536.0,2023-03-17,27.5,2023-03-17
1537,1537.0,2023-03-18,27.4,2023-03-18
1538,1538.0,2023-03-19,28.3,2023-03-19
1539,1539.0,2023-03-20,29.2,2023-03-20
1540,1540.0,2023-03-21,29.0,2023-03-21
1541,1541.0,2023-03-22,28.3,2023-03-22
1542,1542.0,2023-03-23,27.3,2023-03-23
1543,1543.0,2023-03-24,26.8,2023-03-24
1544,1544.0,2023-03-25,26.6,2023-03-25
1545,1545.0,2023-03-26,27.4,2023-03-26
1546,1546.0,2023-03-27,27.3,2023-03-27
1547,1547.0,2023-03-28,26.7,2023-03-28
1548,1548.0,2023-03-29,28.0,2023-03-29
1549,1549.0,2023-03-30,27.6,2023-03-30
1550,1550.0,2023-03-31,28.2,2023-03-31
1551,1551.0,2023-04-01,27.7,2023-04-01
1552,1552.0,2023-04-02,28.7,2023-04-02
1553,1553.0,2023-04-03,28.8,2023-04-03
1554,1554.0,2023-04-04,27.7,2023-04-04
1555,1555.0,2023-04-05,27.6,2023-04-05
1556,1556.0,2023-04-06,28.8,2023-04-06
1557,1557.0,2023-04-07,27.1,2023-04-07
1558,1558.0,2023-04-08,27.5,2023-04-08
1559,1559.0,2023-04-09,28.7,2023-04-09
1560,1560.0,2023-04-10,28.4,2023-04-10
1561,1561.0,2023-04-11,28.6,2023-04-11
1562,1562.0,2023-04-12,25.6,2023-04-12
1563,1563.0,2023-04-13,26.3,2023-04-13
1564,1564.0,2023-04-14,28.7,2023-04-14
1565,1565.0,2023-04-15,27.1,2023-04-15
1566,1566.0,2023-04-16,25.6,2023-04-16
1567,1567.0,2023-04-17,27.6,2023-04-17
1568,1568.0,2023-04-18,27.1,2023-04-18
1569,1569.0,2023-04-19,28.2,2023-04-19
1570,1570.0,2023-04-20,25.7,2023-04-20
1571,1571.0,2023-04-21,26.7,2023-04-21
1572,1572.0,2023-04-22,27.9,2023-04-22
1573,1573.0,2023-04-23,28.0,2023-04-23
1574,1574.0,2023-04-24,28.2,2023-04-24
1575,1575.0,2023-04-25,27.2,2023-04-25
1576,1576.0,2023-04-26,27.1,2023-04-26
1577,1577.0,2023-04-27,27.0,2023-04-27
1578,1578.0,2023-04-28,27.8,2023-04-28
1579,1579.0,2023-04-29,27.9,2023-04-29
1580,1580.0,2023-04-30,27.8,2023-04-30
1581,1581.0,2023-05-01,28.2,2023-05-01
1582,1582.0,2023-05-02,28.3,2023-05-02
1583,1583.0,2023-05-03,27.9,2023-05-03
1584,1584.0,2023-05-04,28.3,2023-05-04
1585,1585.0,2023-05-05,24.9,2023-05-05
1586,1586.0,2023-05-06,27.1,2023-05-06
1587,1587.0,2023-05-07,27.7,2023-05-07
1588,1588.0,2023-05-08,28.0,2023-05-08
1589,1589.0,2023-05-09,28.6,2023-05-09
1590,1590.0,2023-05-10,28.7,2023-05-10
1591,1591.0,2023-05-11,29.0,2023-05-11
1592,1592.0,2023-05-12,28.2,2023-05-12
1593,1593.0,2023-05-13,27.8,2023-05-13
1594,1594.0,2023-05-14,27.5,2023-05-14
1595,1595.0,2023-05-15,27.3,2023-05-15
1596,1596.0,2023-05-16,27.7,2023-05-16
1597,1597.0,2023-05-17,27.5,2023-05-17
1598,1598.0,2023-05-18,27.5,2023-05-18
1599,1599.0,2023-05-19,26.4,2023-05-19
1600,1600.0,2023-05-20,26.6,2023-05-20
1601,1601.0,2023-05-21,26.2,2023-05-21
1602,1602.0,2023-05-22,26.4,2023-05-22
1603,1603.0,2023-05-23,26.8,2023-05-23
1604,1604.0,2023-05-24,27.0,2023-05-24
1605,1605.0,2023-05-25,26.2,2023-05-25
1606,1606.0,2023-05-26,25.1,2023-05-26
1607,1607.0,2023-05-27,26.2,2023-05-27
1608,1608.0,2023-05-28,25.1,2023-05-28
1609,1609.0,2023-05-29,25.3,2023-05-29
1610,1610.0,2023-05-30,25.3,2023-05-30
1611,1611.0,2023-05-31,24.3,2023-05-31
1612,1612.0,2023-06-01,24.6,2023-06-01
1613,1613.0,2023-06-02,23.7,2023-06-02
1614,1614.0,2023-06-03,24.7,2023-06-03
1615,1615.0,2023-06-04,24.6,2023-06-04
1616,1616.0,2023-06-05,24.1,2023-06-05
1617,1617.0,2023-06-06,24.2,2023-06-06
1618,1618.0,2023-06-07,23.9,2023-06-07
1619,1619.0,2023-06-08,23.1,2023-06-08
1620,1620.0,2023-06-09,23.2,2023-06-09
1621,1621.0,2023-06-10,24.5,2023-06-10
1622,1622.0,2023-06-11,24.3,2023-06-11
1623,1623.0,2023-06-12,24.2,2023-06-12
1624,1624.0,2023-06-13,23.8,2023-06-13
1625,1625.0,2023-06-14,24.6,2023-06-14
1626,1626.0,2023-06-15,23.1,2023-06-15
1627,1627.0,2023-06-16,23.7,2023-06-16
1628,1628.0,2023-06-17,23.5,2023-06-17
1629,1629.0,2023-06-18,23.5,2023-06-18
1630,1630.0,2023-06-19,23.3,2023-06-19
1631,1631.0,2023-06-20,23.5,2023-06-20
1632,1632.0,2023-06-21,23.8,2023-06-21
1633,1633.0,2023-06-22,23.8,2023-06-22
1634,1634.0,2023-06-23,24.3,2023-06-23
1635,1635.0,2023-06-24,23.3,2023-06-24
1636,1636.0,2023-06-25,23.1,2023-06-25
1637,1637.0,2023-06-26,23.0,2023-06-26
1638,1638.0,2023-06-27,22.1,2023-06-27
1639,1639.0,2023-06-28,21.6,2023-06-28
1640,1640.0,2023-06-29,22.2,2023-06-29
1641,1641.0,2023-06-30,22.4,2023-06-30
1642,1642.0,2023-07-01,23.6,2023-07-01
1643,1643.0,2023-07-02,22.2,2023-07-02
1644,1644.0,2023-07-03,22.2,2023-07-03
1645,1645.0,2023-07-04,22.1,2023-07-04
1646,1646.0,2023-07-05,21.2,2023-07-05
1647,1647.0,2023-07-06,23.0,2023-07-06
1648,1648.0,2023-07-07,22.6,2023-07-07
1649,1649.0,2023-07-08,22.2,2023-07-08
1650,1650.0,2023-07-09,22.1,2023-07-09
1651,1651.0,2023-07-10,21.2,2023-07-10
1652,1652.0,2023-07-11,21.6,2023-07-11
1653,1653.0,2023-07-12,22.0,2023-07-12
1654,1654.0,2023-07-13,21.5,2023-07-13
1655,1655.0,2023-07-14,21.4,2023-07-14
1656,1656.0,2023-07-15,21.2,2023-07-15
1657,1657.0,2023-07-16,21.9,2023-07-16
1658,1658.0,2023-07-17,22.4,2023-07-17
1659,1659.0,2023-07-18,22.6,2023-07-18
1660,1660.0,2023-07-19,22.8,2023-07-19
1661,1661.0,2023-07-20,22.5,2023-07-20
1662,1662.0,2023-07-21,22.3,2023-07-21
1663,1663.0,2023-07-22,21.7,2023-07-22
1664,1664.0,2023-07-23,21.8,2023-07-23
1665,1665.0,2023-07-24,21.9,2023-07-24
1666,1666.0,2023-07-25,21.6,2023-07-25
1667,1667.0,2023-07-26,22.5,2023-07-26
1668,1668.0,2023-07-27,21.8,2023-07-27
1669,1669.0,2023-07-28,20.9,2023-07-28
1670,1670.0,2023-07-29,21.2,2023-07-29
1671,1671.0,2023-07-30,21.1,2023-07-30
1672,1672.0,2023-07-31,21.9,2023-07-31
1673,1673.0,2023-08-01,21.8,2023-08-01
1674,1674.0,2023-08-02,21.7,2023-08-02
1675,1675.0,2023-08-03,22.5,2023-08-03
1676,1676.0,2023-08-04,22.1,2023-08-04
1677,1677.0,2023-08-05,22.4,2023-08-05
1678,1678.0,2023-08-06,22.6,2023-08-06
1679,1679.0,2023-08-07,22.1,2023-08-07
1680,1680.0,2023-08-08,21.9,2023-08-08
1681,1681.0,2023-08-09,22.1,2023-08-09
1682,1682.0,2023-08-10,21.4,2023-08-10
1683,1683.0,2023-08-11,21.9,2023-08-11
1684,1684.0,2023-08-12,21.7,2023-08-12
1685,1685.0,2023-08-13,21.9,2023-08-13
1686,1686.0,2023-08-14,21.5,2023-08-14
1687,1687.0,2023-08-15,22.4,2023-08-15
1688,1688.0,2023-08-16,22.1,2023-08-16
1689,1689.0,2023-08-17,21.6,2023-08-17
1690,1690.0,2023-08-18,21.3,2023-08-18
1691,1691.0,2023-08-19,22.1,2023-08-19
1692,1692.0,2023-08-20,23.3,2023-08-20
1693,1693.0,2023-08-21,23.1,2023-08-21
1694,1694.0,2023-08-22,22.9,2023-08-22
1695,1695.0,2023-08-23,22.2,2023-08-23
1696,1696.0,2023-08-24,22.0,2023-08-24
1697,1697.0,2023-08-25,22.8,2023-08-25
1698,1698.0,2023-08-26,23.3,2023-08-26
1699,1699.0,2023-08-27,22.4,2023-08-27
1700,1700.0,2023-08-28,22.5,2023-08-28
1701,1701.0,2023-08-29,22.7,2023-08-29
1702,1702.0,2023-08-30,22.5,2023-08-30
1703,1703.0,2023-08-31,23.0,2023-08-31
1704,1704.0,2023-09-01,21.8,2023-09-01
1705,1705.0,2023-09-02,22.2,2023-09-02
1706,1706.0,2023-09-03,22.4,2023-09-03
1707,1707.0,2023-09-04,22.7,2023-09-04
1708,1708.0,2023-09-05,23.1,2023-09-05
1709,1709.0,2023-09-06,24.0,2023-09-06
1710,1710.0,2023-09-07,23.6,2023-09-07
1711,1711.0,2023-09-08,23.1,2023-09-08
1712,1712.0,2023-09-09,22.9,2023-09-09
1713,1713.0,2023-09-10,23.7,2023-09-10
1714,1714.0,2023-09-11,23.6,2023-09-11
1715,1715.0,2023-09-12,23.1,2023-09-12
1716,1716.0,2023-09-13,22.7,2023-09-13
1717,1717.0,2023-09-14,23.3,2023-09-14
1718,1718.0,2023-09-15,23.4,2023-09-15
1719,,2023-09-18,23.9,2023-09-18
