,Store,Date,Sales,Customers,DayOfWeek,Year,Month,Day
10788,15,2015-07-31,9191,766,5,2015,7,31
10789,15,2015-07-30,8891,741,4,2015,7,30
10790,15,2015-07-29,7583,668,3,2015,7,29
10791,15,2015-07-28,7516,646,2,2015,7,28
10792,15,2015-07-27,9053,753,1,2015,7,27
10793,15,2015-07-25,5209,555,6,2015,7,25
10794,15,2015-07-24,5255,573,5,2015,7,24
10795,15,2015-07-23,5623,586,4,2015,7,23
10796,15,2015-07-22,4899,511,3,2015,7,22
10797,15,2015-07-21,5449,545,2,2015,7,21
10798,15,2015-07-20,6898,671,1,2015,7,20
10799,15,2015-07-18,5770,609,6,2015,7,18
10800,15,2015-07-17,9368,775,5,2015,7,17
10801,15,2015-07-16,8501,769,4,2015,7,16
10802,15,2015-07-15,7885,694,3,2015,7,15
10803,15,2015-07-14,7857,687,2,2015,7,14
10804,15,2015-07-13,8691,759,1,2015,7,13
10805,15,2015-07-11,5738,598,6,2015,7,11
10806,15,2015-07-10,6323,656,5,2015,7,10
10807,15,2015-07-09,5609,582,4,2015,7,9
10808,15,2015-07-08,5466,580,3,2015,7,8
10809,15,2015-07-07,5555,588,2,2015,7,7
10810,15,2015-07-06,5431,651,1,2015,7,6
10811,15,2015-07-04,5388,588,6,2015,7,4
10812,15,2015-07-03,7554,702,5,2015,7,3
10813,15,2015-07-02,7242,678,4,2015,7,2
10814,15,2015-07-01,6043,622,3,2015,7,1
10815,15,2015-06-30,11332,866,2,2015,6,30
10816,15,2015-06-29,11290,915,1,2015,6,29
10817,15,2015-06-27,6275,669,6,2015,6,27
10818,15,2015-06-26,6376,655,5,2015,6,26
10819,15,2015-06-25,4979,564,4,2015,6,25
10820,15,2015-06-24,5339,560,3,2015,6,24
10821,15,2015-06-23,5143,566,2,2015,6,23
10822,15,2015-06-22,5513,587,1,2015,6,22
10823,15,2015-06-20,5405,565,6,2015,6,20
10824,15,2015-06-19,7851,764,5,2015,6,19
10825,15,2015-06-18,6786,634,4,2015,6,18
10826,15,2015-06-17,7026,681,3,2015,6,17
10827,15,2015-06-16,8600,725,2,2015,6,16
10828,15,2015-06-15,8825,802,1,2015,6,15
10829,15,2015-06-13,5787,563,6,2015,6,13
10830,15,2015-06-12,5757,641,5,2015,6,12
10831,15,2015-06-11,5911,588,4,2015,6,11
10832,15,2015-06-10,5569,601,3,2015,6,10
10833,15,2015-06-09,5109,571,2,2015,6,9
10834,15,2015-06-08,6177,623,1,2015,6,8
10835,15,2015-06-06,6393,700,6,2015,6,6
10836,15,2015-06-05,7552,707,5,2015,6,5
10837,15,2015-06-04,7528,713,4,2015,6,4
10838,15,2015-06-03,8366,727,3,2015,6,3
10839,15,2015-06-02,7769,675,2,2015,6,2
10840,15,2015-06-01,10767,884,1,2015,6,1
10841,15,2015-05-30,7049,684,6,2015,5,30
10842,15,2015-05-29,8632,763,5,2015,5,29
10843,15,2015-05-28,7010,702,4,2015,5,28
10844,15,2015-05-27,6581,610,3,2015,5,27
10845,15,2015-05-26,6278,657,2,2015,5,26
10846,15,2015-05-23,5333,598,6,2015,5,23
10847,15,2015-05-22,7345,679,5,2015,5,22
10848,15,2015-05-21,6654,673,4,2015,5,21
10849,15,2015-05-20,6891,627,3,2015,5,20
10850,15,2015-05-19,7460,685,2,2015,5,19
10851,15,2015-05-18,8643,800,1,2015,5,18
10852,15,2015-05-16,5919,618,6,2015,5,16
10853,15,2015-05-15,6674,696,5,2015,5,15
10854,15,2015-05-13,7312,755,3,2015,5,13
10855,15,2015-05-12,6067,635,2,2015,5,12
10856,15,2015-05-11,6003,602,1,2015,5,11
10857,15,2015-05-09,6719,694,6,2015,5,9
10858,15,2015-05-08,7944,737,5,2015,5,8
10859,15,2015-05-07,8421,790,4,2015,5,7
10860,15,2015-05-06,7652,663,3,2015,5,6
10861,15,2015-05-05,6653,620,2,2015,5,5
10862,15,2015-05-04,9132,794,1,2015,5,4
10863,15,2015-05-02,8082,833,6,2015,5,2
10864,15,2015-04-30,11071,961,4,2015,4,30
10865,15,2015-04-29,8972,771,3,2015,4,29
10866,15,2015-04-28,8367,753,2,2015,4,28
10867,15,2015-04-27,9340,788,1,2015,4,27
10868,15,2015-04-25,5869,638,6,2015,4,25
10869,15,2015-04-24,6465,668,5,2015,4,24
10870,15,2015-04-23,5215,604,4,2015,4,23
10871,15,2015-04-22,5305,560,3,2015,4,22
10872,15,2015-04-21,4777,539,2,2015,4,21
10873,15,2015-04-20,5211,585,1,2015,4,20
10874,15,2015-04-18,5209,592,6,2015,4,18
10875,15,2015-04-17,7646,710,5,2015,4,17
10876,15,2015-04-16,7123,683,4,2015,4,16
10877,15,2015-04-15,6142,586,3,2015,4,15
10878,15,2015-04-14,8304,699,2,2015,4,14
10879,15,2015-04-13,9486,799,1,2015,4,13
10880,15,2015-04-11,5315,585,6,2015,4,11
10881,15,2015-04-10,6309,631,5,2015,4,10
10882,15,2015-04-09,5662,586,4,2015,4,9
10883,15,2015-04-08,5031,566,3,2015,4,8
10884,15,2015-04-07,6425,685,2,2015,4,7
10885,15,2015-04-04,8207,841,6,2015,4,4
10886,15,2015-04-02,10309,973,4,2015,4,2
10887,15,2015-04-01,10155,887,3,2015,4,1
10888,15,2015-03-31,12039,863,2,2015,3,31
10889,15,2015-03-30,11975,923,1,2015,3,30
10890,15,2015-03-28,6067,610,6,2015,3,28
10891,15,2015-03-27,6747,662,5,2015,3,27
10892,15,2015-03-26,5642,576,4,2015,3,26
10893,15,2015-03-25,5579,526,3,2015,3,25
10894,15,2015-03-24,5108,567,2,2015,3,24
10895,15,2015-03-23,5871,657,1,2015,3,23
10896,15,2015-03-21,5350,566,6,2015,3,21
10897,15,2015-03-20,7804,771,5,2015,3,20
10898,15,2015-03-19,7418,695,4,2015,3,19
10899,15,2015-03-18,6769,605,3,2015,3,18
10900,15,2015-03-17,7262,664,2,2015,3,17
10901,15,2015-03-16,9465,856,1,2015,3,16
10902,15,2015-03-14,6488,664,6,2015,3,14
10903,15,2015-03-13,6823,654,5,2015,3,13
10904,15,2015-03-12,5645,597,4,2015,3,12
10905,15,2015-03-11,5126,562,3,2015,3,11
10906,15,2015-03-10,5393,573,2,2015,3,10
10907,15,2015-03-09,5824,618,1,2015,3,9
10908,15,2015-03-07,5870,613,6,2015,3,7
10909,15,2015-03-06,7738,723,5,2015,3,6
10910,15,2015-03-05,6950,687,4,2015,3,5
10911,15,2015-03-04,7096,664,3,2015,3,4
10912,15,2015-03-03,8688,764,2,2015,3,3
10913,15,2015-03-02,9608,830,1,2015,3,2
10914,15,2015-02-28,6640,693,6,2015,2,28
10915,15,2015-02-27,6916,672,5,2015,2,27
10916,15,2015-02-26,6279,625,4,2015,2,26
10917,15,2015-02-25,4595,529,3,2015,2,25
10918,15,2015-02-24,4862,544,2,2015,2,24
10919,15,2015-02-23,5021,580,1,2015,2,23
10920,15,2015-02-21,5174,600,6,2015,2,21
10921,15,2015-02-20,7151,688,5,2015,2,20
10922,15,2015-02-19,6781,654,4,2015,2,19
10923,15,2015-02-18,6313,585,3,2015,2,18
10924,15,2015-02-17,7454,676,2,2015,2,17
10925,15,2015-02-16,8900,761,1,2015,2,16
10926,15,2015-02-14,5828,603,6,2015,2,14
10927,15,2015-02-13,7157,715,5,2015,2,13
10928,15,2015-02-12,5234,596,4,2015,2,12
10929,15,2015-02-11,5171,537,3,2015,2,11
10930,15,2015-02-10,5368,576,2,2015,2,10
10931,15,2015-02-09,5719,614,1,2015,2,9
10932,15,2015-02-07,6093,632,6,2015,2,7
10933,15,2015-02-06,7710,738,5,2015,2,6
10934,15,2015-02-05,7164,697,4,2015,2,5
10935,15,2015-02-04,6984,644,3,2015,2,4
10936,15,2015-02-03,7220,668,2,2015,2,3
10937,15,2015-02-02,9076,808,1,2015,2,2
10938,15,2015-01-31,6541,678,6,2015,1,31
10939,15,2015-01-30,8898,828,5,2015,1,30
10940,15,2015-01-29,4982,453,4,2015,1,29
10941,15,2015-01-28,6278,552,3,2015,1,28
10942,15,2015-01-27,7939,704,2,2015,1,27
10943,15,2015-01-26,7808,704,1,2015,1,26
10944,15,2015-01-24,4536,486,6,2015,1,24
10945,15,2015-01-23,5385,593,5,2015,1,23
10946,15,2015-01-22,5636,614,4,2015,1,22
10947,15,2015-01-21,5175,539,3,2015,1,21
10948,15,2015-01-20,4353,511,2,2015,1,20
10949,15,2015-01-19,5125,552,1,2015,1,19
10950,15,2015-01-17,5393,571,6,2015,1,17
10951,15,2015-01-16,8071,789,5,2015,1,16
10952,15,2015-01-15,6655,639,4,2015,1,15
10953,15,2015-01-14,7060,600,3,2015,1,14
10954,15,2015-01-13,7196,641,2,2015,1,13
10955,15,2015-01-12,7361,657,1,2015,1,12
10956,15,2015-01-10,4802,537,6,2015,1,10
10957,15,2015-01-09,7615,662,5,2015,1,9
10958,15,2015-01-08,7415,668,4,2015,1,8
10959,15,2015-01-07,7294,669,3,2015,1,7
10960,15,2015-01-06,8111,706,2,2015,1,6
10961,15,2015-01-05,9310,818,1,2015,1,5
10962,15,2015-01-03,4865,565,6,2015,1,3
10963,15,2015-01-02,5848,626,5,2015,1,2
10964,15,2014-12-31,4291,476,3,2014,12,31
10965,15,2014-12-30,8670,836,2,2014,12,30
10966,15,2014-12-29,9377,875,1,2014,12,29
10967,15,2014-12-27,6734,736,6,2014,12,27
10968,15,2014-12-24,4908,528,3,2014,12,24
10969,15,2014-12-23,10465,1050,2,2014,12,23
10970,15,2014-12-22,11166,1057,1,2014,12,22
10971,15,2014-12-20,8403,765,6,2014,12,20
10972,15,2014-12-19,9640,855,5,2014,12,19
10973,15,2014-12-18,9636,809,4,2014,12,18
10974,15,2014-12-17,10087,800,3,2014,12,17
10975,15,2014-12-16,9733,798,2,2014,12,16
10976,15,2014-12-15,13256,1005,1,2014,12,15
10977,15,2014-12-13,7534,727,6,2014,12,13
10978,15,2014-12-12,6624,662,5,2014,12,12
10979,15,2014-12-11,5870,545,4,2014,12,11
10980,15,2014-12-10,5940,585,3,2014,12,10
10981,15,2014-12-09,6171,649,2,2014,12,9
10982,15,2014-12-08,6200,642,1,2014,12,8
10983,15,2014-12-06,5960,640,6,2014,12,6
10984,15,2014-12-05,11490,957,5,2014,12,5
10985,15,2014-12-04,9976,811,4,2014,12,4
10986,15,2014-12-03,8359,723,3,2014,12,3
10987,15,2014-12-02,9850,795,2,2014,12,2
10988,15,2014-12-01,11669,950,1,2014,12,1
10989,15,2014-11-29,8189,821,6,2014,11,29
10990,15,2014-11-28,9917,850,5,2014,11,28
10991,15,2014-11-27,9128,808,4,2014,11,27
10992,15,2014-11-26,7828,719,3,2014,11,26
10993,15,2014-11-25,7760,694,2,2014,11,25
10994,15,2014-11-24,9015,788,1,2014,11,24
10995,15,2014-11-22,5098,573,6,2014,11,22
10996,15,2014-11-21,6023,635,5,2014,11,21
10997,15,2014-11-20,5497,606,4,2014,11,20
10998,15,2014-11-19,5544,578,3,2014,11,19
10999,15,2014-11-18,5248,548,2,2014,11,18
11000,15,2014-11-17,5298,612,1,2014,11,17
11001,15,2014-11-15,5487,604,6,2014,11,15
11002,15,2014-11-14,6538,668,5,2014,11,14
11003,15,2014-11-13,6939,646,4,2014,11,13
11004,15,2014-11-12,6155,602,3,2014,11,12
11005,15,2014-11-11,7587,674,2,2014,11,11
11006,15,2014-11-10,8386,748,1,2014,11,10
11007,15,2014-11-08,5973,639,6,2014,11,8
11008,15,2014-11-07,7990,770,5,2014,11,7
11009,15,2014-11-06,7758,716,4,2014,11,6
11010,15,2014-11-05,7455,686,3,2014,11,5
11011,15,2014-11-04,8729,770,2,2014,11,4
11012,15,2014-11-03,8696,798,1,2014,11,3
11013,15,2014-11-01,5868,645,6,2014,11,1
11014,15,2014-10-31,6718,706,5,2014,10,31
11015,15,2014-10-30,6355,649,4,2014,10,30
11016,15,2014-10-29,5538,578,3,2014,10,29
11017,15,2014-10-28,4989,538,2,2014,10,28
11018,15,2014-10-27,5669,616,1,2014,10,27
11019,15,2014-10-25,4421,567,6,2014,10,25
11020,15,2014-10-24,6839,668,5,2014,10,24
11021,15,2014-10-23,6355,659,4,2014,10,23
11022,15,2014-10-22,5232,551,3,2014,10,22
11023,15,2014-10-21,5777,560,2,2014,10,21
11024,15,2014-10-20,8064,760,1,2014,10,20
11025,15,2014-10-18,4814,566,6,2014,10,18
11026,15,2014-10-17,4920,557,5,2014,10,17
11027,15,2014-10-16,4859,565,4,2014,10,16
11028,15,2014-10-15,4463,501,3,2014,10,15
11029,15,2014-10-14,4617,526,2,2014,10,14
11030,15,2014-10-13,5301,566,1,2014,10,13
11031,15,2014-10-11,5372,590,6,2014,10,11
11032,15,2014-10-10,7629,740,5,2014,10,10
11033,15,2014-10-09,7072,671,4,2014,10,9
11034,15,2014-10-08,6945,672,3,2014,10,8
11035,15,2014-10-07,7390,651,2,2014,10,7
11036,15,2014-10-06,8189,782,1,2014,10,6
11037,15,2014-10-04,6637,733,6,2014,10,4
11038,15,2014-10-02,7712,834,4,2014,10,2
11039,15,2014-10-01,6747,650,3,2014,10,1
11040,15,2014-09-30,10574,886,2,2014,9,30
11041,15,2014-09-29,9761,854,1,2014,9,29
11042,15,2014-09-27,5047,563,6,2014,9,27
11043,15,2014-09-26,5870,644,5,2014,9,26
11044,15,2014-09-25,4613,545,4,2014,9,25
11045,15,2014-09-24,4369,502,3,2014,9,24
11046,15,2014-09-23,4928,562,2,2014,9,23
11047,15,2014-09-22,5307,574,1,2014,9,22
11048,15,2014-09-20,4689,538,6,2014,9,20
11049,15,2014-09-19,6557,657,5,2014,9,19
11050,15,2014-09-18,6260,655,4,2014,9,18
11051,15,2014-09-17,6488,638,3,2014,9,17
11052,15,2014-09-16,6226,614,2,2014,9,16
11053,15,2014-09-15,8315,753,1,2014,9,15
11054,15,2014-09-13,5174,607,6,2014,9,13
11055,15,2014-09-12,5458,568,5,2014,9,12
11056,15,2014-09-11,5349,598,4,2014,9,11
11057,15,2014-09-10,4602,569,3,2014,9,10
11058,15,2014-09-09,5178,580,2,2014,9,9
11059,15,2014-09-08,5044,601,1,2014,9,8
11060,15,2014-09-06,5130,581,6,2014,9,6
11061,15,2014-09-05,7360,729,5,2014,9,5
11062,15,2014-09-04,6598,656,4,2014,9,4
11063,15,2014-09-03,6935,646,3,2014,9,3
11064,15,2014-09-02,7847,716,2,2014,9,2
11065,15,2014-09-01,10058,882,1,2014,9,1
11066,15,2014-08-30,6278,705,6,2014,8,30
11067,15,2014-08-29,7341,746,5,2014,8,29
11068,15,2014-08-28,6176,671,4,2014,8,28
11069,15,2014-08-27,5945,609,3,2014,8,27
11070,15,2014-08-26,5580,644,2,2014,8,26
11071,15,2014-08-25,7644,818,1,2014,8,25
11072,15,2014-08-23,6470,643,6,2014,8,23
11073,15,2014-08-22,7153,725,5,2014,8,22
11074,15,2014-08-21,7265,667,4,2014,8,21
11075,15,2014-08-20,7124,664,3,2014,8,20
11076,15,2014-08-19,8930,761,2,2014,8,19
11077,15,2014-08-18,9501,729,1,2014,8,18
11078,15,2014-08-16,5923,629,6,2014,8,16
11079,15,2014-08-15,5641,614,5,2014,8,15
11080,15,2014-08-14,5529,582,4,2014,8,14
11081,15,2014-08-13,5449,575,3,2014,8,13
11082,15,2014-08-12,4888,504,2,2014,8,12
11083,15,2014-08-11,5420,615,1,2014,8,11
11084,15,2014-08-09,5682,626,6,2014,8,9
11085,15,2014-08-08,7731,734,5,2014,8,8
11086,15,2014-08-07,7670,711,4,2014,8,7
11087,15,2014-08-06,7313,672,3,2014,8,6
11088,15,2014-08-05,7185,689,2,2014,8,5
11089,15,2014-08-04,9366,820,1,2014,8,4
11090,15,2014-08-02,5124,614,6,2014,8,2
11091,15,2014-08-01,7752,736,5,2014,8,1
11092,15,2014-07-31,8166,798,4,2014,7,31
11093,15,2014-07-30,8040,720,3,2014,7,30
11094,15,2014-07-29,6628,606,2,2014,7,29
11095,15,2014-07-28,8109,759,1,2014,7,28
11096,15,2014-07-26,5174,585,6,2014,7,26
11097,15,2014-07-25,5524,593,5,2014,7,25
11098,15,2014-07-24,4784,550,4,2014,7,24
11099,15,2014-07-23,5136,540,3,2014,7,23
11100,15,2014-07-22,4702,545,2,2014,7,22
11101,15,2014-07-21,5240,646,1,2014,7,21
11102,15,2014-07-19,4833,552,6,2014,7,19
11103,15,2014-07-18,7483,704,5,2014,7,18
11104,15,2014-07-17,6535,657,4,2014,7,17
11105,15,2014-07-16,6998,652,3,2014,7,16
11106,15,2014-07-15,7766,682,2,2014,7,15
11107,15,2014-07-14,8640,762,1,2014,7,14
11108,15,2014-07-12,5864,636,6,2014,7,12
11109,15,2014-07-11,6783,716,5,2014,7,11
11110,15,2014-07-10,5868,618,4,2014,7,10
11111,15,2014-07-09,5933,625,3,2014,7,9
11112,15,2014-07-08,6064,665,2,2014,7,8
11113,15,2014-07-07,5278,611,1,2014,7,7
11114,15,2014-07-05,5637,620,6,2014,7,5
11115,15,2014-07-04,6220,635,5,2014,7,4
11116,15,2014-07-03,7317,692,4,2014,7,3
11117,15,2014-07-02,6976,700,3,2014,7,2
11118,15,2014-07-01,6884,678,2,2014,7,1
11119,15,2014-06-30,12830,1058,1,2014,6,30
11120,15,2014-06-28,6092,676,6,2014,6,28
11121,15,2014-06-27,7378,780,5,2014,6,27
11122,15,2014-06-26,5948,607,4,2014,6,26
11123,15,2014-06-25,5223,537,3,2014,6,25
11124,15,2014-06-24,4784,568,2,2014,6,24
11125,15,2014-06-23,5258,639,1,2014,6,23
11126,15,2014-06-21,5560,606,6,2014,6,21
11127,15,2014-06-20,7650,723,5,2014,6,20
11128,15,2014-06-19,7401,689,4,2014,6,19
11129,15,2014-06-18,7414,710,3,2014,6,18
11130,15,2014-06-17,7214,700,2,2014,6,17
11131,15,2014-06-16,8827,777,1,2014,6,16
11132,15,2014-06-14,5720,633,6,2014,6,14
11133,15,2014-06-13,5571,657,5,2014,6,13
11134,15,2014-06-12,6188,657,4,2014,6,12
11135,15,2014-06-11,5951,648,3,2014,6,11
11136,15,2014-06-10,6525,718,2,2014,6,10
11137,15,2014-06-07,5760,628,6,2014,6,7
11138,15,2014-06-06,8476,797,5,2014,6,6
11139,15,2014-06-05,7580,705,4,2014,6,5
11140,15,2014-06-04,7080,666,3,2014,6,4
11141,15,2014-06-03,7805,720,2,2014,6,3
11142,15,2014-06-02,8456,786,1,2014,6,2
11143,15,2014-05-31,6328,668,6,2014,5,31
11144,15,2014-05-30,7332,755,5,2014,5,30
11145,15,2014-05-28,8601,872,3,2014,5,28
11146,15,2014-05-27,5281,556,2,2014,5,27
11147,15,2014-05-26,5229,581,1,2014,5,26
11148,15,2014-05-24,5481,644,6,2014,5,24
11149,15,2014-05-23,7173,683,5,2014,5,23
11150,15,2014-05-22,6468,650,4,2014,5,22
11151,15,2014-05-21,6036,588,3,2014,5,21
11152,15,2014-05-20,6551,629,2,2014,5,20
11153,15,2014-05-19,8142,765,1,2014,5,19
11154,15,2014-05-17,5056,583,6,2014,5,17
11155,15,2014-05-16,5293,603,5,2014,5,16
11156,15,2014-05-15,4851,576,4,2014,5,15
11157,15,2014-05-14,5276,571,3,2014,5,14
11158,15,2014-05-13,5108,586,2,2014,5,13
11159,15,2014-05-12,5631,657,1,2014,5,12
11160,15,2014-05-10,6451,695,6,2014,5,10
11161,15,2014-05-09,8042,771,5,2014,5,9
11162,15,2014-05-08,6647,665,4,2014,5,8
11163,15,2014-05-07,6643,647,3,2014,5,7
11164,15,2014-05-06,7946,724,2,2014,5,6
11165,15,2014-05-05,9044,814,1,2014,5,5
11166,15,2014-05-03,5373,640,6,2014,5,3
11167,15,2014-05-02,10006,898,5,2014,5,2
11168,15,2014-04-30,9997,944,3,2014,4,30
11169,15,2014-04-29,8942,784,2,2014,4,29
11170,15,2014-04-28,8293,749,1,2014,4,28
11171,15,2014-04-26,4495,530,6,2014,4,26
11172,15,2014-04-25,5296,576,5,2014,4,25
11173,15,2014-04-24,5060,558,4,2014,4,24
11174,15,2014-04-23,5158,550,3,2014,4,23
11175,15,2014-04-22,5015,630,2,2014,4,22
11176,15,2014-04-19,7618,832,6,2014,4,19
11177,15,2014-04-17,10008,936,4,2014,4,17
11178,15,2014-04-16,9429,807,3,2014,4,16
11179,15,2014-04-15,8869,741,2,2014,4,15
11180,15,2014-04-14,9717,822,1,2014,4,14
11181,15,2014-04-12,6133,614,6,2014,4,12
11182,15,2014-04-11,6818,653,5,2014,4,11
11183,15,2014-04-10,5400,588,4,2014,4,10
11184,15,2014-04-09,5134,570,3,2014,4,9
11185,15,2014-04-08,4972,540,2,2014,4,8
11186,15,2014-04-07,5098,611,1,2014,4,7
11187,15,2014-04-05,5711,613,6,2014,4,5
11188,15,2014-04-04,7445,684,5,2014,4,4
11189,15,2014-04-03,6690,674,4,2014,4,3
11190,15,2014-04-02,6082,617,3,2014,4,2
11191,15,2014-04-01,7271,677,2,2014,4,1
11192,15,2014-03-31,11818,941,1,2014,3,31
11193,15,2014-03-29,6852,680,6,2014,3,29
11194,15,2014-03-28,6249,630,5,2014,3,28
11195,15,2014-03-27,5075,536,4,2014,3,27
11196,15,2014-03-26,4943,565,3,2014,3,26
11197,15,2014-03-25,4978,544,2,2014,3,25
11198,15,2014-03-24,5925,614,1,2014,3,24
11199,15,2014-03-22,5122,579,6,2014,3,22
11200,15,2014-03-21,8044,710,5,2014,3,21
11201,15,2014-03-20,6037,599,4,2014,3,20
11202,15,2014-03-19,6805,626,3,2014,3,19
11203,15,2014-03-18,7376,662,2,2014,3,18
11204,15,2014-03-17,8736,807,1,2014,3,17
11205,15,2014-03-15,5152,601,6,2014,3,15
11206,15,2014-03-14,5864,616,5,2014,3,14
11207,15,2014-03-13,5042,525,4,2014,3,13
11208,15,2014-03-12,4420,489,3,2014,3,12
11209,15,2014-03-11,4943,573,2,2014,3,11
11210,15,2014-03-10,4890,551,1,2014,3,10
11211,15,2014-03-08,5584,621,6,2014,3,8
11212,15,2014-03-07,7690,726,5,2014,3,7
11213,15,2014-03-06,7325,717,4,2014,3,6
11214,15,2014-03-05,7644,650,3,2014,3,5
11215,15,2014-03-04,7664,650,2,2014,3,4
11216,15,2014-03-03,9680,820,1,2014,3,3
11217,15,2014-03-01,6013,678,6,2014,3,1
11218,15,2014-02-28,7947,738,5,2014,2,28
11219,15,2014-02-27,5836,636,4,2014,2,27
11220,15,2014-02-26,4507,488,3,2014,2,26
11221,15,2014-02-25,4305,533,2,2014,2,25
11222,15,2014-02-24,4629,556,1,2014,2,24
11223,15,2014-02-22,4965,551,6,2014,2,22
11224,15,2014-02-21,6982,638,5,2014,2,21
11225,15,2014-02-20,7472,730,4,2014,2,20
11226,15,2014-02-19,6976,611,3,2014,2,19
11227,15,2014-02-18,7389,678,2,2014,2,18
11228,15,2014-02-17,8430,766,1,2014,2,17
11229,15,2014-02-15,5477,619,6,2014,2,15
11230,15,2014-02-14,6182,678,5,2014,2,14
11231,15,2014-02-13,5213,593,4,2014,2,13
11232,15,2014-02-12,4613,555,3,2014,2,12
11233,15,2014-02-11,4876,538,2,2014,2,11
11234,15,2014-02-10,5276,636,1,2014,2,10
11235,15,2014-02-08,5671,628,6,2014,2,8
11236,15,2014-02-07,7471,721,5,2014,2,7
11237,15,2014-02-06,6509,622,4,2014,2,6
11238,15,2014-02-05,7593,665,3,2014,2,5
11239,15,2014-02-04,8122,727,2,2014,2,4
11240,15,2014-02-03,10465,854,1,2014,2,3
11241,15,2014-02-01,6204,636,6,2014,2,1
11242,15,2014-01-31,7815,761,5,2014,1,31
11243,15,2014-01-30,6130,651,4,2014,1,30
11244,15,2014-01-29,4730,496,3,2014,1,29
11245,15,2014-01-28,4761,528,2,2014,1,28
11246,15,2014-01-27,4374,536,1,2014,1,27
11247,15,2014-01-25,5394,560,6,2014,1,25
11248,15,2014-01-24,6884,666,5,2014,1,24
11249,15,2014-01-23,7020,650,4,2014,1,23
11250,15,2014-01-22,7085,626,3,2014,1,22
11251,15,2014-01-21,6586,598,2,2014,1,21
11252,15,2014-01-20,8828,789,1,2014,1,20
11253,15,2014-01-18,5945,635,6,2014,1,18
11254,15,2014-01-17,5568,641,5,2014,1,17
11255,15,2014-01-16,4737,549,4,2014,1,16
11256,15,2014-01-15,4837,572,3,2014,1,15
11257,15,2014-01-14,4946,567,2,2014,1,14
11258,15,2014-01-13,4739,569,1,2014,1,13
11259,15,2014-01-11,5382,585,6,2014,1,11
11260,15,2014-01-10,8900,779,5,2014,1,10
11261,15,2014-01-09,7628,675,4,2014,1,9
11262,15,2014-01-08,7786,670,3,2014,1,8
11263,15,2014-01-07,8709,760,2,2014,1,7
11264,15,2014-01-06,9260,807,1,2014,1,6
11265,15,2014-01-04,5427,591,6,2014,1,4
11266,15,2014-01-03,5551,563,5,2014,1,3
11267,15,2014-01-02,5417,614,4,2014,1,2
11268,15,2013-12-31,4042,458,2,2013,12,31
11269,15,2013-12-30,9833,989,1,2013,12,30
11270,15,2013-12-28,6315,668,6,2013,12,28
11271,15,2013-12-27,7828,781,5,2013,12,27
11272,15,2013-12-24,4361,455,2,2013,12,24
11273,15,2013-12-23,12123,1259,1,2013,12,23
11274,15,2013-12-21,7903,786,6,2013,12,21
11275,15,2013-12-20,9974,914,5,2013,12,20
11276,15,2013-12-19,9365,873,4,2013,12,19
11277,15,2013-12-18,10233,871,3,2013,12,18
11278,15,2013-12-17,11383,884,2,2013,12,17
11279,15,2013-12-16,13392,1002,1,2013,12,16
11280,15,2013-12-14,5859,609,6,2013,12,14
11281,15,2013-12-13,6875,678,5,2013,12,13
11282,15,2013-12-12,6647,654,4,2013,12,12
11283,15,2013-12-11,6523,656,3,2013,12,11
11284,15,2013-12-10,6665,651,2,2013,12,10
11285,15,2013-12-09,7072,737,1,2013,12,9
11286,15,2013-12-07,5475,625,6,2013,12,7
11287,15,2013-12-06,7045,614,5,2013,12,6
11288,15,2013-12-05,7430,635,4,2013,12,5
11289,15,2013-12-04,10110,805,3,2013,12,4
11290,15,2013-12-03,10434,855,2,2013,12,3
11291,15,2013-12-02,11499,990,1,2013,12,2
11292,15,2013-11-30,7615,751,6,2013,11,30
11293,15,2013-11-29,8256,775,5,2013,11,29
11294,15,2013-11-28,7626,753,4,2013,11,28
11295,15,2013-11-27,6401,603,3,2013,11,27
11296,15,2013-11-26,5772,579,2,2013,11,26
11297,15,2013-11-25,6932,715,1,2013,11,25
11298,15,2013-11-23,5503,603,6,2013,11,23
11299,15,2013-11-22,7309,723,5,2013,11,22
11300,15,2013-11-21,7041,689,4,2013,11,21
11301,15,2013-11-20,6447,641,3,2013,11,20
11302,15,2013-11-19,7190,672,2,2013,11,19
11303,15,2013-11-18,8348,780,1,2013,11,18
11304,15,2013-11-16,4155,492,6,2013,11,16
11305,15,2013-11-15,6173,657,5,2013,11,15
11306,15,2013-11-14,5569,595,4,2013,11,14
11307,15,2013-11-13,4762,542,3,2013,11,13
11308,15,2013-11-12,5470,552,2,2013,11,12
11309,15,2013-11-11,5027,598,1,2013,11,11
11310,15,2013-11-09,5652,611,6,2013,11,9
11311,15,2013-11-08,7378,728,5,2013,11,8
11312,15,2013-11-07,6719,672,4,2013,11,7
11313,15,2013-11-06,7297,673,3,2013,11,6
11314,15,2013-11-05,7236,681,2,2013,11,5
11315,15,2013-11-04,9371,817,1,2013,11,4
11316,15,2013-11-02,6144,638,6,2013,11,2
11317,15,2013-11-01,6411,639,5,2013,11,1
11318,15,2013-10-31,6124,657,4,2013,10,31
11319,15,2013-10-30,5870,592,3,2013,10,30
11320,15,2013-10-29,5155,500,2,2013,10,29
11321,15,2013-10-28,3285,390,1,2013,10,28
11322,15,2013-10-26,4884,539,6,2013,10,26
11323,15,2013-10-25,6890,662,5,2013,10,25
11324,15,2013-10-24,6504,641,4,2013,10,24
11325,15,2013-10-23,6670,602,3,2013,10,23
11326,15,2013-10-22,6454,644,2,2013,10,22
11327,15,2013-10-21,8119,793,1,2013,10,21
11328,15,2013-10-19,4775,572,6,2013,10,19
11329,15,2013-10-18,4773,555,5,2013,10,18
11330,15,2013-10-17,4575,515,4,2013,10,17
11331,15,2013-10-16,4825,520,3,2013,10,16
11332,15,2013-10-15,5041,528,2,2013,10,15
11333,15,2013-10-14,4975,582,1,2013,10,14
11334,15,2013-10-12,4787,538,6,2013,10,12
11335,15,2013-10-11,6976,662,5,2013,10,11
11336,15,2013-10-10,6779,668,4,2013,10,10
11337,15,2013-10-09,6252,607,3,2013,10,9
11338,15,2013-10-08,7262,668,2,2013,10,8
11339,15,2013-10-07,8776,760,1,2013,10,7
11340,15,2013-10-05,4961,572,6,2013,10,5
11341,15,2013-10-04,6804,755,5,2013,10,4
11342,15,2013-10-02,6235,703,3,2013,10,2
11343,15,2013-10-01,4866,566,2,2013,10,1
11344,15,2013-09-30,7655,764,1,2013,9,30
11345,15,2013-09-28,5890,631,6,2013,9,28
11346,15,2013-09-27,8818,755,5,2013,9,27
11347,15,2013-09-26,6553,659,4,2013,9,26
11348,15,2013-09-25,5529,592,3,2013,9,25
11349,15,2013-09-24,7166,671,2,2013,9,24
11350,15,2013-09-23,8156,787,1,2013,9,23
11351,15,2013-09-21,5222,598,6,2013,9,21
11352,15,2013-09-20,5307,603,5,2013,9,20
11353,15,2013-09-19,4264,558,4,2013,9,19
11354,15,2013-09-18,4648,551,3,2013,9,18
11355,15,2013-09-17,4554,529,2,2013,9,17
11356,15,2013-09-16,4932,606,1,2013,9,16
11357,15,2013-09-14,5365,589,6,2013,9,14
11358,15,2013-09-13,7251,700,5,2013,9,13
11359,15,2013-09-12,5581,606,4,2013,9,12
11360,15,2013-09-11,7372,701,3,2013,9,11
11361,15,2013-09-10,8100,746,2,2013,9,10
11362,15,2013-09-09,9766,831,1,2013,9,9
11363,15,2013-09-07,5024,592,6,2013,9,7
11364,15,2013-09-06,5432,633,5,2013,9,6
11365,15,2013-09-05,5009,575,4,2013,9,5
11366,15,2013-09-04,5235,552,3,2013,9,4
11367,15,2013-09-03,5371,619,2,2013,9,3
11368,15,2013-09-02,5794,646,1,2013,9,2
11369,15,2013-08-31,6025,663,6,2013,8,31
11370,15,2013-08-30,9155,818,5,2013,8,30
11371,15,2013-08-29,7886,793,4,2013,8,29
11372,15,2013-08-28,6644,645,3,2013,8,28
11373,15,2013-08-27,7089,668,2,2013,8,27
11374,15,2013-08-26,7756,766,1,2013,8,26
11375,15,2013-08-24,4467,546,6,2013,8,24
11376,15,2013-08-23,5319,591,5,2013,8,23
11377,15,2013-08-22,4974,595,4,2013,8,22
11378,15,2013-08-21,4709,532,3,2013,8,21
11379,15,2013-08-20,4702,572,2,2013,8,20
11380,15,2013-08-19,5352,640,1,2013,8,19
11381,15,2013-08-17,5536,659,6,2013,8,17
11382,15,2013-08-16,7150,742,5,2013,8,16
11383,15,2013-08-15,6636,659,4,2013,8,15
11384,15,2013-08-14,7066,687,3,2013,8,14
11385,15,2013-08-13,7538,721,2,2013,8,13
11386,15,2013-08-12,10072,941,1,2013,8,12
11387,15,2013-08-10,5707,657,6,2013,8,10
11388,15,2013-08-09,5703,677,5,2013,8,9
11389,15,2013-08-08,5646,664,4,2013,8,8
11390,15,2013-08-07,6315,703,3,2013,8,7
11391,15,2013-08-06,7230,775,2,2013,8,6
11392,15,2013-08-05,8525,834,1,2013,8,5
11393,15,2013-08-03,7385,741,6,2013,8,3
11394,15,2013-08-02,7184,701,5,2013,8,2
11395,15,2013-08-01,9115,820,4,2013,8,1
11396,15,2013-07-31,9885,812,3,2013,7,31
11397,15,2013-07-30,10210,844,2,2013,7,30
11398,15,2013-07-29,10048,853,1,2013,7,29
11399,15,2013-07-27,5366,588,6,2013,7,27
11400,15,2013-07-26,5740,625,5,2013,7,26
11401,15,2013-07-25,4982,538,4,2013,7,25
11402,15,2013-07-24,4666,526,3,2013,7,24
11403,15,2013-07-23,4227,514,2,2013,7,23
11404,15,2013-07-22,5247,609,1,2013,7,22
11405,15,2013-07-20,5290,579,6,2013,7,20
11406,15,2013-07-19,7808,736,5,2013,7,19
11407,15,2013-07-18,6090,642,4,2013,7,18
11408,15,2013-07-17,6076,588,3,2013,7,17
11409,15,2013-07-16,7713,659,2,2013,7,16
11410,15,2013-07-15,8521,784,1,2013,7,15
11411,15,2013-07-13,5736,662,6,2013,7,13
11412,15,2013-07-12,5685,641,5,2013,7,12
11413,15,2013-07-11,5356,619,4,2013,7,11
11414,15,2013-07-10,5036,555,3,2013,7,10
11415,15,2013-07-09,5101,534,2,2013,7,9
11416,15,2013-07-08,5515,635,1,2013,7,8
11417,15,2013-07-06,5546,584,6,2013,7,6
11418,15,2013-07-05,7359,721,5,2013,7,5
11419,15,2013-07-04,7395,739,4,2013,7,4
11420,15,2013-07-03,6819,647,3,2013,7,3
11421,15,2013-07-02,5561,601,2,2013,7,2
11422,15,2013-07-01,7979,773,1,2013,7,1
11423,15,2013-06-29,6465,630,6,2013,6,29
11424,15,2013-06-28,7800,743,5,2013,6,28
11425,15,2013-06-27,6692,641,4,2013,6,27
11426,15,2013-06-26,5056,551,3,2013,6,26
11427,15,2013-06-25,4906,534,2,2013,6,25
11428,15,2013-06-24,5293,597,1,2013,6,24
11429,15,2013-06-22,5381,592,6,2013,6,22
11430,15,2013-06-21,7149,692,5,2013,6,21
11431,15,2013-06-20,6610,660,4,2013,6,20
11432,15,2013-06-19,7123,662,3,2013,6,19
11433,15,2013-06-18,6616,641,2,2013,6,18
11434,15,2013-06-17,8320,741,1,2013,6,17
11435,15,2013-06-15,5561,596,6,2013,6,15
11436,15,2013-06-14,5235,625,5,2013,6,14
11437,15,2013-06-13,5380,612,4,2013,6,13
11438,15,2013-06-12,4857,560,3,2013,6,12
11439,15,2013-06-11,5510,582,2,2013,6,11
11440,15,2013-06-10,5353,599,1,2013,6,10
11441,15,2013-06-08,6122,646,6,2013,6,8
11442,15,2013-06-07,7075,743,5,2013,6,7
11443,15,2013-06-06,6401,644,4,2013,6,6
11444,15,2013-06-05,6224,648,3,2013,6,5
11445,15,2013-06-04,6992,699,2,2013,6,4
11446,15,2013-06-03,7771,775,1,2013,6,3
11447,15,2013-06-01,6225,673,6,2013,6,1
11448,15,2013-05-31,8500,811,5,2013,5,31
11449,15,2013-05-30,8458,786,4,2013,5,30
11450,15,2013-05-29,6742,636,3,2013,5,29
11451,15,2013-05-28,6630,651,2,2013,5,28
11452,15,2013-05-27,8071,745,1,2013,5,27
11453,15,2013-05-25,5844,600,6,2013,5,25
11454,15,2013-05-24,5824,614,5,2013,5,24
11455,15,2013-05-23,5301,612,4,2013,5,23
11456,15,2013-05-22,5017,560,3,2013,5,22
11457,15,2013-05-21,5810,670,2,2013,5,21
11458,15,2013-05-18,6332,683,6,2013,5,18
11459,15,2013-05-17,7016,723,5,2013,5,17
11460,15,2013-05-16,6485,647,4,2013,5,16
11461,15,2013-05-15,5785,588,3,2013,5,15
11462,15,2013-05-14,7189,688,2,2013,5,14
11463,15,2013-05-13,8146,746,1,2013,5,13
11464,15,2013-05-11,5570,599,6,2013,5,11
11465,15,2013-05-10,7063,747,5,2013,5,10
11466,15,2013-05-08,6816,748,3,2013,5,8
11467,15,2013-05-07,5503,597,2,2013,5,7
11468,15,2013-05-06,6003,661,1,2013,5,6
11469,15,2013-05-04,5450,623,6,2013,5,4
11470,15,2013-05-03,7703,732,5,2013,5,3
11471,15,2013-05-02,7670,781,4,2013,5,2
11472,15,2013-04-30,9101,898,2,2013,4,30
11473,15,2013-04-29,8103,774,1,2013,4,29
11474,15,2013-04-27,5675,634,6,2013,4,27
11475,15,2013-04-26,7525,729,5,2013,4,26
11476,15,2013-04-25,6160,598,4,2013,4,25
11477,15,2013-04-24,5878,602,3,2013,4,24
11478,15,2013-04-23,6943,638,2,2013,4,23
11479,15,2013-04-22,7115,686,1,2013,4,22
11480,15,2013-04-20,5178,583,6,2013,4,20
11481,15,2013-04-19,6054,669,5,2013,4,19
11482,15,2013-04-18,4718,577,4,2013,4,18
11483,15,2013-04-17,4571,535,3,2013,4,17
11484,15,2013-04-16,3931,501,2,2013,4,16
11485,15,2013-04-15,4804,560,1,2013,4,15
11486,15,2013-04-13,5251,619,6,2013,4,13
11487,15,2013-04-12,7784,750,5,2013,4,12
11488,15,2013-04-11,6652,618,4,2013,4,11
11489,15,2013-04-10,6538,603,3,2013,4,10
11490,15,2013-04-09,6994,684,2,2013,4,9
11491,15,2013-04-08,8576,802,1,2013,4,8
11492,15,2013-04-06,5061,590,6,2013,4,6
11493,15,2013-04-05,5405,631,5,2013,4,5
11494,15,2013-04-04,5119,577,4,2013,4,4
11495,15,2013-04-03,4640,542,3,2013,4,3
11496,15,2013-04-02,5921,678,2,2013,4,2
11497,15,2013-03-30,8833,905,6,2013,3,30
11498,15,2013-03-28,11681,1080,4,2013,3,28
11499,15,2013-03-27,9722,849,3,2013,3,27
11500,15,2013-03-26,7704,704,2,2013,3,26
11501,15,2013-03-25,9351,781,1,2013,3,25
11502,15,2013-03-23,5652,589,6,2013,3,23
11503,15,2013-03-22,7716,711,5,2013,3,22
11504,15,2013-03-21,7010,687,4,2013,3,21
11505,15,2013-03-20,7508,669,3,2013,3,20
11506,15,2013-03-19,7889,657,2,2013,3,19
11507,15,2013-03-18,6242,583,1,2013,3,18
11508,15,2013-03-16,4813,539,6,2013,3,16
11509,15,2013-03-15,6065,674,5,2013,3,15
11510,15,2013-03-14,6506,685,4,2013,3,14
11511,15,2013-03-13,4856,526,3,2013,3,13
11512,15,2013-03-12,5227,603,2,2013,3,12
11513,15,2013-03-11,4984,566,1,2013,3,11
11514,15,2013-03-09,5963,633,6,2013,3,9
11515,15,2013-03-08,7659,721,5,2013,3,8
11516,15,2013-03-07,6683,676,4,2013,3,7
11517,15,2013-03-06,6679,634,3,2013,3,6
11518,15,2013-03-05,7071,660,2,2013,3,5
11519,15,2013-03-04,8531,772,1,2013,3,4
11520,15,2013-03-02,5924,646,6,2013,3,2
11521,15,2013-03-01,6059,664,5,2013,3,1
11522,15,2013-02-28,5258,572,4,2013,2,28
11523,15,2013-02-27,5133,560,3,2013,2,27
11524,15,2013-02-26,4547,470,2,2013,2,26
11525,15,2013-02-25,4825,578,1,2013,2,25
11526,15,2013-02-23,4811,536,6,2013,2,23
11527,15,2013-02-22,6763,672,5,2013,2,22
11528,15,2013-02-21,6619,624,4,2013,2,21
11529,15,2013-02-20,6532,626,3,2013,2,20
11530,15,2013-02-19,6063,613,2,2013,2,19
11531,15,2013-02-18,9018,792,1,2013,2,18
11532,15,2013-02-16,5435,581,6,2013,2,16
11533,15,2013-02-15,5450,604,5,2013,2,15
11534,15,2013-02-14,5153,579,4,2013,2,14
11535,15,2013-02-13,4952,531,3,2013,2,13
11536,15,2013-02-12,4224,510,2,2013,2,12
11537,15,2013-02-11,4954,622,1,2013,2,11
11538,15,2013-02-09,5888,614,6,2013,2,9
11539,15,2013-02-08,7906,739,5,2013,2,8
11540,15,2013-02-07,6173,655,4,2013,2,7
11541,15,2013-02-06,7116,696,3,2013,2,6
11542,15,2013-02-05,7519,654,2,2013,2,5
11543,15,2013-02-04,8400,760,1,2013,2,4
11544,15,2013-02-02,6053,691,6,2013,2,2
11545,15,2013-02-01,6631,678,5,2013,2,1
11546,15,2013-01-31,5590,559,4,2013,1,31
11547,15,2013-01-30,5497,542,3,2013,1,30
11548,15,2013-01-29,4383,486,2,2013,1,29
11549,15,2013-01-28,4788,531,1,2013,1,28
11550,15,2013-01-26,4273,530,6,2013,1,26
11551,15,2013-01-25,6783,668,5,2013,1,25
11552,15,2013-01-24,6096,605,4,2013,1,24
11553,15,2013-01-23,6399,586,3,2013,1,23
11554,15,2013-01-22,6918,668,2,2013,1,22
11555,15,2013-01-21,7938,717,1,2013,1,21
11556,15,2013-01-19,5020,576,6,2013,1,19
11557,15,2013-01-18,6130,592,5,2013,1,18
11558,15,2013-01-17,5042,532,4,2013,1,17
11559,15,2013-01-16,4809,539,3,2013,1,16
11560,15,2013-01-15,4285,508,2,2013,1,15
11561,15,2013-01-14,4258,509,1,2013,1,14
11562,15,2013-01-12,5429,621,6,2013,1,12
11563,15,2013-01-11,7621,732,5,2013,1,11
11564,15,2013-01-10,6818,667,4,2013,1,10
11565,15,2013-01-09,6777,608,3,2013,1,9
11566,15,2013-01-08,7439,642,2,2013,1,8
11567,15,2013-01-07,9049,823,1,2013,1,7
11568,15,2013-01-05,5538,603,6,2013,1,5
11569,15,2013-01-04,5174,585,5,2013,1,4
11570,15,2013-01-03,5140,548,4,2013,1,3
11571,15,2013-01-02,4701,576,3,2013,1,2
